pageId	url	title	lastModified	fetchedAt	size	statusCode	fetched	htmlSnapshot	textSnapshot	lastError
1	https://www.cse.ust.hk/~kwtleung/COMP4321/testpage.htm	Test page	2023-05-16T05:03:16Z	2026-04-23T11:05:23.7098343Z	603	200	true	pages\html\page-0001.html	pages\text\page-0001.txt	
2	https://www.cse.ust.hk/~kwtleung/COMP4321/ust_cse.htm	CSE department of HKUST	2023-05-16T05:03:16Z	2026-04-23T11:05:23.7964566Z	392	200	true	pages\html\page-0002.html	pages\text\page-0002.txt	
3	https://www.cse.ust.hk/~kwtleung/COMP4321/news.htm	News	2023-05-16T05:03:16Z	2026-04-23T11:05:23.8161617Z	384	200	true	pages\html\page-0003.html	pages\text\page-0003.txt	
4	https://www.cse.ust.hk/~kwtleung/COMP4321/books.htm	books	2023-05-16T05:03:16Z	2026-04-23T11:05:23.8374449Z	601	200	true	pages\html\page-0004.html	pages\text\page-0004.txt	
5	https://www.cse.ust.hk/~kwtleung/COMP4321/Movie.htm	Movie Index Page	2023-05-16T05:09:22Z	2026-04-23T11:05:23.8522912Z	19541	200	true	pages\html\page-0005.html	pages\text\page-0005.txt	
6	https://www.cse.ust.hk/~kwtleung/COMP4321/ust_cse/PG.htm	PG	2023-05-16T05:03:46Z	2026-04-23T11:05:23.916203Z	3267	200	true	pages\html\page-0006.html	pages\text\page-0006.txt	
7	https://www.cse.ust.hk/~kwtleung/COMP4321/ust_cse/UG.htm	UG	2023-05-16T05:03:46Z	2026-04-23T11:05:23.9490705Z	4070	200	true	pages\html\page-0007.html	pages\text\page-0007.txt	
8	https://www.cse.ust.hk/~kwtleung/COMP4321/news/bbc.htm	BBC news	2023-05-16T05:03:44Z	2026-04-23T11:05:23.982392Z	499	200	true	pages\html\page-0008.html	pages\text\page-0008.txt	
9	https://www.cse.ust.hk/~kwtleung/COMP4321/news/cnn.htm	CNN news	2023-05-16T05:03:44Z	2026-04-23T11:05:24.0158005Z	448	200	true	pages\html\page-0009.html	pages\text\page-0009.txt	
10	https://www.cse.ust.hk/~kwtleung/COMP4321/books/book1.htm	book1	2023-05-16T05:03:16Z	2026-04-23T11:05:24.0497939Z	1617	200	true	pages\html\page-0010.html	pages\text\page-0010.txt	
11	https://www.cse.ust.hk/~kwtleung/COMP4321/books/book2.htm	book2	2023-05-16T05:03:16Z	2026-04-23T11:05:24.0740678Z	2084	200	true	pages\html\page-0011.html	pages\text\page-0011.txt	
12	https://www.cse.ust.hk/~kwtleung/COMP4321/books/book3.htm	book3	2023-05-16T05:03:16Z	2026-04-23T11:05:24.1155341Z	1994	200	true	pages\html\page-0012.html	pages\text\page-0012.txt	
13	https://www.cse.ust.hk/~kwtleung/COMP4321/Movie/1.html	Dinosaur Planet (2003)	2023-05-16T05:03:16Z	2026-04-23T11:05:24.1410928Z	3605	200	true	pages\html\page-0013.html	pages\text\page-0013.txt	
14	https://www.cse.ust.hk/~kwtleung/COMP4321/Movie/2.html	Isle of Man TT 2004 Review (2004)	2023-05-16T05:03:26Z	2026-04-23T11:05:24.1692901Z	2868	200	true	pages\html\page-0014.html	pages\text\page-0014.txt	
15	https://www.cse.ust.hk/~kwtleung/COMP4321/Movie/3.html	Character (1997)	2023-05-16T05:03:36Z	2026-04-23T11:05:24.2026147Z	4008	200	true	pages\html\page-0015.html	pages\text\page-0015.txt	
16	https://www.cse.ust.hk/~kwtleung/COMP4321/Movie/4.html	Paula Abdul's Get Up and Dance (1994)	2023-05-16T05:03:38Z	2026-04-23T11:05:24.2358339Z	2820	200	true	pages\html\page-0016.html	pages\text\page-0016.txt	
17	https://www.cse.ust.hk/~kwtleung/COMP4321/Movie/5.html	The Rise and Fall of ECW (2004)	2023-05-16T05:03:38Z	2026-04-23T11:05:24.2693377Z	3928	200	true	pages\html\page-0017.html	pages\text\page-0017.txt	
18	https://www.cse.ust.hk/~kwtleung/COMP4321/Movie/6.html	Sick (1997)	2023-05-16T05:03:40Z	2026-04-23T11:05:24.2840024Z	5243	200	true	pages\html\page-0018.html	pages\text\page-0018.txt	
19	https://www.cse.ust.hk/~kwtleung/COMP4321/Movie/7.html	8 Man (1992)	2023-05-16T05:03:40Z	2026-04-23T11:05:24.3167436Z	3498	200	true	pages\html\page-0019.html	pages\text\page-0019.txt	
20	https://www.cse.ust.hk/~kwtleung/COMP4321/Movie/8.html	What the #$*! Do We Know!? (2004)	2023-05-16T05:03:42Z	2026-04-23T11:05:24.3501985Z	4147	200	true	pages\html\page-0020.html	pages\text\page-0020.txt	
21	https://www.cse.ust.hk/~kwtleung/COMP4321/Movie/9.html	Class of Nuke 'Em High 2 (1991)	2023-05-16T05:03:44Z	2026-04-23T11:05:24.3839913Z	7075	200	true	pages\html\page-0021.html	pages\text\page-0021.txt	
22	https://www.cse.ust.hk/~kwtleung/COMP4321/Movie/10.html	Fighter (2001)	2023-05-16T05:03:16Z	2026-04-23T11:05:24.4195411Z	13199	200	true	pages\html\page-0022.html	pages\text\page-0022.txt	
23	https://www.cse.ust.hk/~kwtleung/COMP4321/Movie/11.html	Full Frame: Documentary Shorts (1999)	2023-05-16T05:03:18Z	2026-04-23T11:05:24.4525268Z	2700	200	true	pages\html\page-0023.html	pages\text\page-0023.txt	
24	https://www.cse.ust.hk/~kwtleung/COMP4321/Movie/12.html	My Favorite Brunette (1947)	2023-05-16T05:03:18Z	2026-04-23T11:05:24.4860827Z	6432	200	true	pages\html\page-0024.html	pages\text\page-0024.txt	
25	https://www.cse.ust.hk/~kwtleung/COMP4321/Movie/13.html	Lord of the Rings: The Return of the King: Extended Edition: Bonus Material (2003)	2023-05-16T05:03:20Z	2026-04-23T11:05:24.5180982Z	2997	200	true	pages\html\page-0025.html	pages\text\page-0025.txt	
26	https://www.cse.ust.hk/~kwtleung/COMP4321/Movie/14.html	Nature: Antarctica (1982)	2023-05-16T05:03:20Z	2026-04-23T11:05:24.550427Z	3711	200	true	pages\html\page-0026.html	pages\text\page-0026.txt	
27	https://www.cse.ust.hk/~kwtleung/COMP4321/Movie/15.html	Neil Diamond: Greatest Hits Live (1988)	2023-05-16T05:03:20Z	2026-04-23T11:05:24.5847343Z	5415	200	true	pages\html\page-0027.html	pages\text\page-0027.txt	
28	https://www.cse.ust.hk/~kwtleung/COMP4321/Movie/16.html	Screamers (1996)	2023-05-16T05:03:22Z	2026-04-23T11:05:24.6181136Z	3737	200	true	pages\html\page-0028.html	pages\text\page-0028.txt	
29	https://www.cse.ust.hk/~kwtleung/COMP4321/Movie/17.html	7 Seconds (2005)	2023-05-16T05:03:22Z	2026-04-23T11:05:24.6494263Z	3521	200	true	pages\html\page-0029.html	pages\text\page-0029.txt	
30	https://www.cse.ust.hk/~kwtleung/COMP4321/Movie/18.html	Immortal Beloved (1994)	2023-05-16T05:03:24Z	2026-04-23T11:05:24.6670164Z	7583	200	true	pages\html\page-0030.html	pages\text\page-0030.txt	
31	https://www.cse.ust.hk/~kwtleung/COMP4321/Movie/19.html	By Dawn's Early Light (2000)	2023-05-16T05:03:24Z	2026-04-23T11:05:24.7007848Z	2827	200	true	pages\html\page-0031.html	pages\text\page-0031.txt	
32	https://www.cse.ust.hk/~kwtleung/COMP4321/Movie/20.html	Seeta Aur Geeta (1972)	2023-05-16T05:03:26Z	2026-04-23T11:05:24.7364345Z	5856	200	true	pages\html\page-0032.html	pages\text\page-0032.txt	
33	https://www.cse.ust.hk/~kwtleung/COMP4321/Movie/21.html	Strange Relations (2002)	2023-05-16T05:03:26Z	2026-04-23T11:05:24.7703526Z	6405	200	true	pages\html\page-0033.html	pages\text\page-0033.txt	
34	https://www.cse.ust.hk/~kwtleung/COMP4321/Movie/22.html	Chump Change (2000)	2023-05-16T05:03:28Z	2026-04-23T11:05:24.8032578Z	6333	200	true	pages\html\page-0034.html	pages\text\page-0034.txt	
35	https://www.cse.ust.hk/~kwtleung/COMP4321/Movie/23.html	Clifford: Clifford Saves the Day! / Clifford's Fluffiest Friend Cleo (2001)	2023-05-16T05:03:28Z	2026-04-23T11:05:24.8342832Z	3844	200	true	pages\html\page-0035.html	pages\text\page-0035.txt	
36	https://www.cse.ust.hk/~kwtleung/COMP4321/Movie/24.html	My Bloody Valentine (1981)	2023-05-16T05:03:30Z	2026-04-23T11:05:24.8674872Z	6894	200	true	pages\html\page-0036.html	pages\text\page-0036.txt	
37	https://www.cse.ust.hk/~kwtleung/COMP4321/Movie/25.html	Inspector Morse 31: Death Is Now My Neighbour (1997)	2023-05-16T05:03:30Z	2026-04-23T11:05:24.9034519Z	2660	200	true	pages\html\page-0037.html	pages\text\page-0037.txt	
38	https://www.cse.ust.hk/~kwtleung/COMP4321/Movie/26.html	Never Die Alone (2004)	2023-05-16T05:03:32Z	2026-04-23T11:05:24.9340811Z	7213	200	true	pages\html\page-0038.html	pages\text\page-0038.txt	
39	https://www.cse.ust.hk/~kwtleung/COMP4321/Movie/27.html	Sesame Street: Elmo's World: The Street We Live On (1962)	2023-05-16T05:03:32Z	2026-04-23T11:05:24.9675181Z	3821	200	true	pages\html\page-0039.html	pages\text\page-0039.txt	
40	https://www.cse.ust.hk/~kwtleung/COMP4321/Movie/28.html	Lilo and Stitch (2002)	2023-05-16T05:03:34Z	2026-04-23T11:05:25.0008312Z	3863	200	true	pages\html\page-0040.html	pages\text\page-0040.txt	
41	https://www.cse.ust.hk/~kwtleung/COMP4321/Movie/29.html	Boycott (2001)	2023-05-16T05:03:36Z	2026-04-23T11:05:25.0176417Z	3302	200	true	pages\html\page-0041.html	pages\text\page-0041.txt	
42	https://www.cse.ust.hk/~kwtleung/COMP4321/Movie/30.html	Something's Gotta Give (2003)	2023-05-16T05:03:36Z	2026-04-23T11:05:25.0525334Z	9304	200	true	pages\html\page-0042.html	pages\text\page-0042.txt	
43	https://www.cse.ust.hk/~kwtleung/COMP4321/Movie/31.html	Classic Albums: Meat Loaf: Bat Out of Hell (1999)	2023-05-16T05:03:36Z	2026-04-23T11:05:25.0846165Z	4787	200	true	pages\html\page-0043.html	pages\text\page-0043.txt	
44	https://www.cse.ust.hk/~kwtleung/COMP4321/Movie/32.html	ABC Primetime: Mel Gibson's The Passion of the Christ (2004)	2023-05-16T05:03:36Z	2026-04-23T11:05:25.120311Z	2716	200	true	pages\html\page-0044.html	pages\text\page-0044.txt	
45	https://www.cse.ust.hk/~kwtleung/COMP4321/Movie/33.html	Aqua Teen Hunger Force: Vol. 1 (2000)	2023-05-16T05:03:36Z	2026-04-23T11:05:25.1499747Z	2759	200	true	pages\html\page-0045.html	pages\text\page-0045.txt	
46	https://www.cse.ust.hk/~kwtleung/COMP4321/Movie/34.html	Ashtanga Yoga: Beginner's Practice with Nicki Doane (2003)	2023-05-16T05:03:36Z	2026-04-23T11:05:25.1676492Z	2702	200	true	pages\html\page-0046.html	pages\text\page-0046.txt	
47	https://www.cse.ust.hk/~kwtleung/COMP4321/Movie/35.html	Ferngully 2: The Magical Rescue (2000)	2023-05-16T05:03:36Z	2026-04-23T11:05:25.2013605Z	6086	200	true	pages\html\page-0047.html	pages\text\page-0047.txt	
48	https://www.cse.ust.hk/~kwtleung/COMP4321/Movie/36.html	Lady Chatterley (1992)	2023-05-16T05:03:36Z	2026-04-23T11:05:25.2369026Z	3839	200	true	pages\html\page-0048.html	pages\text\page-0048.txt	
49	https://www.cse.ust.hk/~kwtleung/COMP4321/Movie/37.html	Zatoichi's Conspiracy (1973)	2023-05-16T05:03:36Z	2026-04-23T11:05:25.2704813Z	6818	200	true	pages\html\page-0049.html	pages\text\page-0049.txt	
50	https://www.cse.ust.hk/~kwtleung/COMP4321/Movie/38.html	Daydream Obsession (2003)	2023-05-16T05:03:38Z	2026-04-23T11:05:25.301309Z	3745	200	true	pages\html\page-0050.html	pages\text\page-0050.txt	
51	https://www.cse.ust.hk/~kwtleung/COMP4321/Movie/39.html	Love Reinvented (2000)	2023-05-16T05:03:38Z	2026-04-23T11:05:25.3369644Z	6494	200	true	pages\html\page-0051.html	pages\text\page-0051.txt	
52	https://www.cse.ust.hk/~kwtleung/COMP4321/Movie/40.html	Pitcher and the Pin-Up (2004)	2023-05-16T05:03:38Z	2026-04-23T11:05:25.3681552Z	5819	200	true	pages\html\page-0052.html	pages\text\page-0052.txt	
53	https://www.cse.ust.hk/~kwtleung/COMP4321/Movie/41.html	Horror Vision (2000)	2023-05-16T05:03:38Z	2026-04-23T11:05:25.3848173Z	3793	200	true	pages\html\page-0053.html	pages\text\page-0053.txt	
54	https://www.cse.ust.hk/~kwtleung/COMP4321/Movie/42.html	Searching for Paradise (2002)	2023-05-16T05:03:38Z	2026-04-23T11:05:25.4181855Z	6426	200	true	pages\html\page-0054.html	pages\text\page-0054.txt	
55	https://www.cse.ust.hk/~kwtleung/COMP4321/Movie/43.html	Silent Service (2000)	2023-05-16T05:03:38Z	2026-04-23T11:05:25.4518626Z	3683	200	true	pages\html\page-0055.html	pages\text\page-0055.txt	
56	https://www.cse.ust.hk/~kwtleung/COMP4321/Movie/44.html	Spitfire Grill (1996)	2023-05-16T05:03:38Z	2026-04-23T11:05:25.4868986Z	7514	200	true	pages\html\page-0056.html	pages\text\page-0056.txt	
57	https://www.cse.ust.hk/~kwtleung/COMP4321/Movie/45.html	The Love Letter (1999)	2023-05-16T05:03:38Z	2026-04-23T11:05:25.5016954Z	3511	200	true	pages\html\page-0057.html	pages\text\page-0057.txt	
58	https://www.cse.ust.hk/~kwtleung/COMP4321/Movie/46.html	Rudolph the Red-Nosed Reindeer (1964)	2023-05-16T05:03:38Z	2026-04-23T11:05:25.5351333Z	2849	200	true	pages\html\page-0058.html	pages\text\page-0058.txt	
59	https://www.cse.ust.hk/~kwtleung/COMP4321/Movie/47.html	The Bad and the Beautiful (1952)	2023-05-16T05:03:38Z	2026-04-23T11:05:25.5680406Z	3892	200	true	pages\html\page-0059.html	pages\text\page-0059.txt	
60	https://www.cse.ust.hk/~kwtleung/COMP4321/Movie/48.html	Justice League (2001)	2023-05-16T05:03:38Z	2026-04-23T11:05:25.5851397Z	3580	200	true	pages\html\page-0060.html	pages\text\page-0060.txt	
61	https://www.cse.ust.hk/~kwtleung/COMP4321/Movie/49.html	Devo: The Complete Truth About De-evolution (2003)	2023-05-16T05:03:38Z	2026-04-23T11:05:25.6182938Z	2866	200	true	pages\html\page-0061.html	pages\text\page-0061.txt	
62	https://www.cse.ust.hk/~kwtleung/COMP4321/Movie/50.html	A Yank in the R.A.F. (1941)	2023-05-16T05:03:38Z	2026-04-23T11:05:25.6504741Z	7217	200	true	pages\html\page-0062.html	pages\text\page-0062.txt	
63	https://www.cse.ust.hk/~kwtleung/COMP4321/Movie/51.html	Jonah: A VeggieTales Movie: Bonus Material (2002)	2023-05-16T05:03:38Z	2026-04-23T11:05:25.6681908Z	2781	200	true	pages\html\page-0063.html	pages\text\page-0063.txt	
64	https://www.cse.ust.hk/~kwtleung/COMP4321/Movie/52.html	The Weather Underground (2002)	2023-05-16T05:03:38Z	2026-04-23T11:05:25.7017588Z	10792	200	true	pages\html\page-0064.html	pages\text\page-0064.txt	
65	https://www.cse.ust.hk/~kwtleung/COMP4321/Movie/53.html	The Bonesetter (2003)	2023-05-16T05:03:38Z	2026-04-23T11:05:25.7377754Z	3566	200	true	pages\html\page-0065.html	pages\text\page-0065.txt	
66	https://www.cse.ust.hk/~kwtleung/COMP4321/Movie/54.html	We're Not Married (1952)	2023-05-16T05:03:38Z	2026-04-23T11:05:25.768727Z	5636	200	true	pages\html\page-0066.html	pages\text\page-0066.txt	
67	https://www.cse.ust.hk/~kwtleung/COMP4321/Movie/55.html	Jade (1995)	2023-05-16T05:03:38Z	2026-04-23T11:05:25.7850305Z	7977	200	true	pages\html\page-0067.html	pages\text\page-0067.txt	
68	https://www.cse.ust.hk/~kwtleung/COMP4321/Movie/56.html	Carandiru (2004)	2023-05-16T05:03:38Z	2026-04-23T11:05:25.8182741Z	2769	200	true	pages\html\page-0068.html	pages\text\page-0068.txt	
69	https://www.cse.ust.hk/~kwtleung/COMP4321/Movie/57.html	Richard III (1995)	2023-05-16T05:03:38Z	2026-04-23T11:05:25.8518922Z	7318	200	true	pages\html\page-0069.html	pages\text\page-0069.txt	
70	https://www.cse.ust.hk/~kwtleung/COMP4321/Movie/58.html	Dragonheart (1996)	2023-05-16T05:03:40Z	2026-04-23T11:05:25.8850843Z	7828	200	true	pages\html\page-0070.html	pages\text\page-0070.txt	
71	https://www.cse.ust.hk/~kwtleung/COMP4321/Movie/59.html	Sex and the Beauties (2003)	2023-05-16T05:03:40Z	2026-04-23T11:05:25.9018688Z	6428	200	true	pages\html\page-0071.html	pages\text\page-0071.txt	
72	https://www.cse.ust.hk/~kwtleung/COMP4321/Movie/60.html	The Libertine (1969)	2023-05-16T05:03:40Z	2026-04-23T11:05:25.9352126Z	3873	200	true	pages\html\page-0072.html	pages\text\page-0072.txt	
73	https://www.cse.ust.hk/~kwtleung/COMP4321/Movie/61.html	Ricky Martin: One Night Only (1999)	2023-05-16T05:03:40Z	2026-04-23T11:05:25.9685094Z	4172	200	true	pages\html\page-0073.html	pages\text\page-0073.txt	
74	https://www.cse.ust.hk/~kwtleung/COMP4321/Movie/62.html	Ken Burns' America: Empire of the Air (1991)	2023-05-16T05:03:40Z	2026-04-23T11:05:26.0019575Z	3769	200	true	pages\html\page-0074.html	pages\text\page-0074.txt	
75	https://www.cse.ust.hk/~kwtleung/COMP4321/Movie/63.html	Crash Dive (1943)	2023-05-16T05:03:40Z	2026-04-23T11:05:26.0354663Z	6958	200	true	pages\html\page-0075.html	pages\text\page-0075.txt	
76	https://www.cse.ust.hk/~kwtleung/COMP4321/Movie/64.html	Outside the Law (2001)	2023-05-16T05:03:40Z	2026-04-23T11:05:26.0690788Z	3775	200	true	pages\html\page-0076.html	pages\text\page-0076.txt	
77	https://www.cse.ust.hk/~kwtleung/COMP4321/Movie/65.html	Lost in the Pershing Point Hotel (2000)	2023-05-16T05:03:40Z	2026-04-23T11:05:26.102133Z	5762	200	true	pages\html\page-0077.html	pages\text\page-0077.txt	
78	https://www.cse.ust.hk/~kwtleung/COMP4321/Movie/66.html	Barbarian Queen 2 (1989)	2023-05-16T05:03:40Z	2026-04-23T11:05:26.1376324Z	3663	200	true	pages\html\page-0078.html	pages\text\page-0078.txt	
79	https://www.cse.ust.hk/~kwtleung/COMP4321/Movie/67.html	Vampire Journals (1997)	2023-05-16T05:03:40Z	2026-04-23T11:05:26.1692806Z	6074	200	true	pages\html\page-0079.html	pages\text\page-0079.txt	
80	https://www.cse.ust.hk/~kwtleung/COMP4321/Movie/68.html	Invader Zim (2004)	2023-05-16T05:03:40Z	2026-04-23T11:05:26.202321Z	9570	200	true	pages\html\page-0080.html	pages\text\page-0080.txt	
81	https://www.cse.ust.hk/~kwtleung/COMP4321/Movie/69.html	WWE: Armageddon 2003 (2003)	2023-05-16T05:03:40Z	2026-04-23T11:05:26.2335776Z	2996	200	true	pages\html\page-0081.html	pages\text\page-0081.txt	
82	https://www.cse.ust.hk/~kwtleung/COMP4321/Movie/70.html	Tai Chi: The 24 Forms (1999)	2023-05-16T05:03:40Z	2026-04-23T11:05:26.2676898Z	3736	200	true	pages\html\page-0082.html	pages\text\page-0082.txt	
83	https://www.cse.ust.hk/~kwtleung/COMP4321/Movie/71.html	Maya Lin: A Strong Clear Vision (1995)	2023-05-16T05:03:40Z	2026-04-23T11:05:26.2856378Z	5590	200	true	pages\html\page-0083.html	pages\text\page-0083.txt	
84	https://www.cse.ust.hk/~kwtleung/COMP4321/Movie/72.html	At Home Among Strangers (1974)	2023-05-16T05:03:40Z	2026-04-23T11:05:26.318855Z	4027	200	true	pages\html\page-0084.html	pages\text\page-0084.txt	
85	https://www.cse.ust.hk/~kwtleung/COMP4321/Movie/73.html	Davy Crockett: 50th Anniversary Double Feature (1954)	2023-05-16T05:03:40Z	2026-04-23T11:05:26.3550818Z	2667	200	true	pages\html\page-0085.html	pages\text\page-0085.txt	
86	https://www.cse.ust.hk/~kwtleung/COMP4321/Movie/74.html	6ixtynin9 (1999)	2023-05-16T05:03:40Z	2026-04-23T11:05:26.3857998Z	7152	200	true	pages\html\page-0086.html	pages\text\page-0086.txt	
87	https://www.cse.ust.hk/~kwtleung/COMP4321/Movie/75.html	Grind (1997)	2023-05-16T05:03:40Z	2026-04-23T11:05:26.4023803Z	5651	200	true	pages\html\page-0087.html	pages\text\page-0087.txt	
88	https://www.cse.ust.hk/~kwtleung/COMP4321/Movie/76.html	I Love Lucy: Season 2 (1952)	2023-05-16T05:03:40Z	2026-04-23T11:05:26.4415733Z	3530	200	true	pages\html\page-0088.html	pages\text\page-0088.txt	
89	https://www.cse.ust.hk/~kwtleung/COMP4321/Movie/77.html	Congo (1995)	2023-05-16T05:03:40Z	2026-04-23T11:05:26.4717491Z	7052	200	true	pages\html\page-0089.html	pages\text\page-0089.txt	
90	https://www.cse.ust.hk/~kwtleung/COMP4321/Movie/78.html	Jingle All the Way (1996)	2023-05-16T05:03:40Z	2026-04-23T11:05:26.5024066Z	8021	200	true	pages\html\page-0090.html	pages\text\page-0090.txt	
91	https://www.cse.ust.hk/~kwtleung/COMP4321/Movie/79.html	The Killing (1956)	2023-05-16T05:03:42Z	2026-04-23T11:05:26.5357892Z	8474	200	true	pages\html\page-0091.html	pages\text\page-0091.txt	
92	https://www.cse.ust.hk/~kwtleung/COMP4321/Movie/80.html	Winter Kills (1979)	2023-05-16T05:03:42Z	2026-04-23T11:05:26.5692398Z	8822	200	true	pages\html\page-0092.html	pages\text\page-0092.txt	
93	https://www.cse.ust.hk/~kwtleung/COMP4321/Movie/81.html	Antarctica: IMAX (1991)	2023-05-16T05:03:42Z	2026-04-23T11:05:26.6053262Z	3738	200	true	pages\html\page-0093.html	pages\text\page-0093.txt	
94	https://www.cse.ust.hk/~kwtleung/COMP4321/Movie/82.html	The Frogmen (1951)	2023-05-16T05:03:42Z	2026-04-23T11:05:26.6358738Z	6731	200	true	pages\html\page-0094.html	pages\text\page-0094.txt	
95	https://www.cse.ust.hk/~kwtleung/COMP4321/Movie/83.html	Silkwood (1983)	2023-05-16T05:03:42Z	2026-04-23T11:05:26.6695984Z	7241	200	true	pages\html\page-0095.html	pages\text\page-0095.txt	
96	https://www.cse.ust.hk/~kwtleung/COMP4321/Movie/84.html	The Powerpuff Girls Movie (2002)	2023-05-16T05:03:42Z	2026-04-23T11:05:26.7026304Z	8532	200	true	pages\html\page-0096.html	pages\text\page-0096.txt	
97	https://www.cse.ust.hk/~kwtleung/COMP4321/Movie/85.html	Elfen Lied (2005)	2023-05-16T05:03:42Z	2026-04-23T11:05:26.7385297Z	3668	200	true	pages\html\page-0097.html	pages\text\page-0097.txt	
98	https://www.cse.ust.hk/~kwtleung/COMP4321/Movie/86.html	Iron Monkey 2 (1996)	2023-05-16T05:03:42Z	2026-04-23T11:05:26.7701752Z	3631	200	true	pages\html\page-0098.html	pages\text\page-0098.txt	
99	https://www.cse.ust.hk/~kwtleung/COMP4321/Movie/87.html	Louder Than Bombs (2002)	2023-05-16T05:03:42Z	2026-04-23T11:05:26.7858639Z	5523	200	true	pages\html\page-0099.html	pages\text\page-0099.txt	
100	https://www.cse.ust.hk/~kwtleung/COMP4321/Movie/88.html	Record of Lodoss War: Chronicles of the Heroic Knight (1998)	2023-05-16T05:03:42Z	2026-04-23T11:05:26.8195013Z	9657	200	true	pages\html\page-0100.html	pages\text\page-0100.txt	
101	https://www.cse.ust.hk/~kwtleung/COMP4321/Movie/89.html	Chain of Command (2000)	2023-05-16T05:03:44Z	2026-04-23T11:05:26.8529681Z	7134	200	true	pages\html\page-0101.html	pages\text\page-0101.txt	
102	https://www.cse.ust.hk/~kwtleung/COMP4321/Movie/90.html	The Lemon Drop Kid (1951)	2023-05-16T05:03:44Z	2026-04-23T11:05:26.9036996Z	4072	200	true	pages\html\page-0102.html	pages\text\page-0102.txt	
103	https://www.cse.ust.hk/~kwtleung/COMP4321/Movie/91.html	WWE: Royal Rumble 2005 (2005)	2023-05-16T05:03:44Z	2026-04-23T11:05:26.9193799Z	3169	200	true	pages\html\page-0103.html	pages\text\page-0103.txt	
104	https://www.cse.ust.hk/~kwtleung/COMP4321/Movie/92.html	ECW: Cyberslam '99 (2002)	2023-05-16T05:03:44Z	2026-04-23T11:05:26.9684342Z	4530	200	true	pages\html\page-0104.html	pages\text\page-0104.txt	
105	https://www.cse.ust.hk/~kwtleung/COMP4321/Movie/93.html	They Came Back (2004)	2023-05-16T05:03:44Z	2026-04-23T11:05:26.9860578Z	3504	200	true	pages\html\page-0105.html	pages\text\page-0105.txt	
106	https://www.cse.ust.hk/~kwtleung/COMP4321/Movie/94.html	G3: Live in Concert (2000)	2023-05-16T05:03:44Z	2026-04-23T11:05:27.0194342Z	5093	200	true	pages\html\page-0106.html	pages\text\page-0106.txt	
107	https://www.cse.ust.hk/~kwtleung/COMP4321/Movie/95.html	Dona Herlinda and Her Son (1985)	2023-05-16T05:03:44Z	2026-04-23T11:05:27.0530972Z	5579	200	true	pages\html\page-0107.html	pages\text\page-0107.txt	
108	https://www.cse.ust.hk/~kwtleung/COMP4321/Movie/96.html	Inside the Space Station (2000)	2023-05-16T05:03:44Z	2026-04-23T11:05:27.0863556Z	4846	200	true	pages\html\page-0108.html	pages\text\page-0108.txt	
109	https://www.cse.ust.hk/~kwtleung/COMP4321/Movie/97.html	Mostly Martha (2002)	2023-05-16T05:03:44Z	2026-04-23T11:05:27.1353525Z	2840	200	true	pages\html\page-0109.html	pages\text\page-0109.txt	
110	https://www.cse.ust.hk/~kwtleung/COMP4321/Movie/98.html	The Battle of Algiers: Bonus Material (1965)	2023-05-16T05:03:44Z	2026-04-23T11:05:27.1529501Z	2832	200	true	pages\html\page-0110.html	pages\text\page-0110.txt	
111	https://www.cse.ust.hk/~kwtleung/COMP4321/Movie/99.html	A Fishy Story (1989)	2023-05-16T05:03:44Z	2026-04-23T11:05:27.1866391Z	3271	200	true	pages\html\page-0111.html	pages\text\page-0111.txt	
112	https://www.cse.ust.hk/~kwtleung/COMP4321/Movie/100.html	Sam the Iron Bridge (1993)	2023-05-16T05:03:16Z	2026-04-23T11:05:27.2198867Z	4110	200	true	pages\html\page-0112.html	pages\text\page-0112.txt	
113	https://www.cse.ust.hk/~kwtleung/COMP4321/Movie/101.html	Complete Shamanic Princess (1997)	2023-05-16T05:03:16Z	2026-04-23T11:05:27.2558201Z	3166	200	true	pages\html\page-0113.html	pages\text\page-0113.txt	
114	https://www.cse.ust.hk/~kwtleung/COMP4321/Movie/102.html	Notre Musique (2004)	2023-05-16T05:03:16Z	2026-04-23T11:05:27.286832Z	10796	200	true	pages\html\page-0114.html	pages\text\page-0114.txt	
115	https://www.cse.ust.hk/~kwtleung/COMP4321/Movie/103.html	Sanford and Son: Season 6 (1976)	2023-05-16T05:03:16Z	2026-04-23T11:05:27.3227275Z	3771	200	true	pages\html\page-0115.html	pages\text\page-0115.txt	
116	https://www.cse.ust.hk/~kwtleung/COMP4321/Movie/104.html	The Great Race (1965)	2023-05-16T05:03:16Z	2026-04-23T11:05:27.3532837Z	3678	200	true	pages\html\page-0116.html	pages\text\page-0116.txt	
117	https://www.cse.ust.hk/~kwtleung/COMP4321/Movie/105.html	Obsessed (2002)	2023-05-16T05:03:18Z	2026-04-23T11:05:27.3868011Z	3535	200	true	pages\html\page-0117.html	pages\text\page-0117.txt	
118	https://www.cse.ust.hk/~kwtleung/COMP4321/Movie/106.html	Stevie Ray Vaughan and Double Trouble: Live at Montreux 1982 and 1985 (2004)	2023-05-16T05:03:18Z	2026-04-23T11:05:27.4201296Z	5754	200	true	pages\html\page-0118.html	pages\text\page-0118.txt	
119	https://www.cse.ust.hk/~kwtleung/COMP4321/Movie/107.html	Magnolia: Bonus Material (2000)	2023-05-16T05:03:18Z	2026-04-23T11:05:27.4558886Z	2513	200	true	pages\html\page-0119.html	pages\text\page-0119.txt	
120	https://www.cse.ust.hk/~kwtleung/COMP4321/Movie/108.html	Spartan (2004)	2023-05-16T05:03:18Z	2026-04-23T11:05:27.4870867Z	7939	200	true	pages\html\page-0120.html	pages\text\page-0120.txt	
121	https://www.cse.ust.hk/~kwtleung/COMP4321/Movie/109.html	No Way Back (1996)	2023-05-16T05:03:18Z	2026-04-23T11:05:27.5200799Z	3379	200	true	pages\html\page-0121.html	pages\text\page-0121.txt	
122	https://www.cse.ust.hk/~kwtleung/COMP4321/Movie/110.html	Scandal (1989)	2023-05-16T05:03:18Z	2026-04-23T11:05:27.5548637Z	7950	200	true	pages\html\page-0122.html	pages\text\page-0122.txt	
123	https://www.cse.ust.hk/~kwtleung/COMP4321/Movie/111.html	Duplex (Widescreen) (2003)	2023-05-16T05:03:18Z	2026-04-23T11:05:27.5869756Z	2478	200	true	pages\html\page-0123.html	pages\text\page-0123.txt	
124	https://www.cse.ust.hk/~kwtleung/COMP4321/Movie/112.html	The Eye of Vichy (1993)	2023-05-16T05:03:18Z	2026-04-23T11:05:27.6202957Z	7500	200	true	pages\html\page-0124.html	pages\text\page-0124.txt	
125	https://www.cse.ust.hk/~kwtleung/COMP4321/Movie/113.html	Bruce Lee: A Warrior's Journey (2000)	2023-05-16T05:03:18Z	2026-04-23T11:05:27.6536752Z	6989	200	true	pages\html\page-0125.html	pages\text\page-0125.txt	
126	https://www.cse.ust.hk/~kwtleung/COMP4321/Movie/114.html	Dominion Tank Police Part 1 and 2 (1989)	2023-05-16T05:03:18Z	2026-04-23T11:05:27.6872034Z	2792	200	true	pages\html\page-0126.html	pages\text\page-0126.txt	
127	https://www.cse.ust.hk/~kwtleung/COMP4321/Movie/115.html	Lord Peter Wimsey: Murder Must Advertise (1973)	2023-05-16T05:03:18Z	2026-04-23T11:05:27.7371365Z	8368	200	true	pages\html\page-0127.html	pages\text\page-0127.txt	
128	https://www.cse.ust.hk/~kwtleung/COMP4321/Movie/116.html	Bear Cub (2004)	2023-05-16T05:03:18Z	2026-04-23T11:05:27.77064Z	3868	200	true	pages\html\page-0128.html	pages\text\page-0128.txt	
129	https://www.cse.ust.hk/~kwtleung/COMP4321/Movie/117.html	Silk Stockings (1957)	2023-05-16T05:03:18Z	2026-04-23T11:05:27.8038474Z	6617	200	true	pages\html\page-0129.html	pages\text\page-0129.txt	
130	https://www.cse.ust.hk/~kwtleung/COMP4321/Movie/118.html	Rambo: First Blood Part II (1985)	2023-05-16T05:03:18Z	2026-04-23T11:05:27.8370101Z	8604	200	true	pages\html\page-0130.html	pages\text\page-0130.txt	
131	https://www.cse.ust.hk/~kwtleung/COMP4321/Movie/119.html	Travel the World by Train: Africa (1999)	2023-05-16T05:03:18Z	2026-04-23T11:05:27.8704211Z	3953	200	true	pages\html\page-0131.html	pages\text\page-0131.txt	
132	https://www.cse.ust.hk/~kwtleung/COMP4321/Movie/120.html	Plain Dirty (2004)	2023-05-16T05:03:18Z	2026-04-23T11:05:27.9037484Z	7025	200	true	pages\html\page-0132.html	pages\text\page-0132.txt	
133	https://www.cse.ust.hk/~kwtleung/COMP4321/Movie/121.html	Beyonce: Live at Wembley (2003)	2023-05-16T05:03:18Z	2026-04-23T11:05:27.937321Z	3880	200	true	pages\html\page-0133.html	pages\text\page-0133.txt	
134	https://www.cse.ust.hk/~kwtleung/COMP4321/Movie/122.html	Cube 2: Hypercube (2002)	2023-05-16T05:03:18Z	2026-04-23T11:05:27.9708189Z	7862	200	true	pages\html\page-0134.html	pages\text\page-0134.txt	
135	https://www.cse.ust.hk/~kwtleung/COMP4321/Movie/123.html	Chain of Fools (2000)	2023-05-16T05:03:18Z	2026-04-23T11:05:28.004062Z	7193	200	true	pages\html\page-0135.html	pages\text\page-0135.txt	
136	https://www.cse.ust.hk/~kwtleung/COMP4321/Movie/124.html	Cold Blooded (2000)	2023-05-16T05:03:18Z	2026-04-23T11:05:28.0540406Z	3766	200	true	pages\html\page-0136.html	pages\text\page-0136.txt	
137	https://www.cse.ust.hk/~kwtleung/COMP4321/Movie/125.html	Nighthawks (1981)	2023-05-16T05:03:20Z	2026-04-23T11:05:28.087248Z	7979	200	true	pages\html\page-0137.html	pages\text\page-0137.txt	
138	https://www.cse.ust.hk/~kwtleung/COMP4321/Movie/126.html	Vampire Effect (aka Twins Effect) (2003)	2023-05-16T05:03:20Z	2026-04-23T11:05:28.1208403Z	3084	200	true	pages\html\page-0138.html	pages\text\page-0138.txt	
139	https://www.cse.ust.hk/~kwtleung/COMP4321/Movie/127.html	Fatal Beauty (1987)	2023-05-16T05:03:20Z	2026-04-23T11:05:28.1541179Z	6802	200	true	pages\html\page-0139.html	pages\text\page-0139.txt	
140	https://www.cse.ust.hk/~kwtleung/COMP4321/Movie/128.html	Mr. Vampire (1985)	2023-05-16T05:03:20Z	2026-04-23T11:05:28.187585Z	3977	200	true	pages\html\page-0140.html	pages\text\page-0140.txt	
141	https://www.cse.ust.hk/~kwtleung/COMP4321/Movie/129.html	Darkwolf (2003)	2023-05-16T05:03:20Z	2026-04-23T11:05:28.2208538Z	3300	200	true	pages\html\page-0141.html	pages\text\page-0141.txt	
142	https://www.cse.ust.hk/~kwtleung/COMP4321/Movie/130.html	Drowning on Dry Land (1999)	2023-05-16T05:03:20Z	2026-04-23T11:05:28.2541738Z	5484	200	true	pages\html\page-0142.html	pages\text\page-0142.txt	
143	https://www.cse.ust.hk/~kwtleung/COMP4321/Movie/131.html	Arachnid (2002)	2023-05-16T05:03:20Z	2026-04-23T11:05:28.2878077Z	7156	200	true	pages\html\page-0143.html	pages\text\page-0143.txt	
144	https://www.cse.ust.hk/~kwtleung/COMP4321/Movie/132.html	Lucio Fulci: The Beyond (1981)	2023-05-16T05:03:20Z	2026-04-23T11:05:28.3198269Z	3905	200	true	pages\html\page-0144.html	pages\text\page-0144.txt	
145	https://www.cse.ust.hk/~kwtleung/COMP4321/Movie/133.html	Viva La Bam: Season 1 (2003)	2023-05-16T05:03:20Z	2026-04-23T11:05:28.3376546Z	7109	200	true	pages\html\page-0145.html	pages\text\page-0145.txt	
146	https://www.cse.ust.hk/~kwtleung/COMP4321/Movie/134.html	Spirit Lost (1996)	2023-05-16T05:03:20Z	2026-04-23T11:05:28.3709735Z	5370	200	true	pages\html\page-0146.html	pages\text\page-0146.txt	
147	https://www.cse.ust.hk/~kwtleung/COMP4321/Movie/135.html	GTO: Great Teacher Onizuka: Set 2 (1998)	2023-05-16T05:03:20Z	2026-04-23T11:05:28.4041708Z	2706	200	true	pages\html\page-0147.html	pages\text\page-0147.txt	
148	https://www.cse.ust.hk/~kwtleung/COMP4321/Movie/136.html	Cat and the Canary (1927)	2023-05-16T05:03:20Z	2026-04-23T11:05:28.4374783Z	3394	200	true	pages\html\page-0148.html	pages\text\page-0148.txt	
149	https://www.cse.ust.hk/~kwtleung/COMP4321/Movie/137.html	Naked Lies (1998)	2023-05-16T05:03:20Z	2026-04-23T11:05:28.4709236Z	5926	200	true	pages\html\page-0149.html	pages\text\page-0149.txt	
150	https://www.cse.ust.hk/~kwtleung/COMP4321/Movie/138.html	Star Trek: Voyager: Season 1 (1995)	2023-05-16T05:03:20Z	2026-04-23T11:05:28.5045401Z	4116	200	true	pages\html\page-0150.html	pages\text\page-0150.txt	
151	https://www.cse.ust.hk/~kwtleung/COMP4321/Movie/139.html	Allergies: A Natural Approach (2001)	2023-05-16T05:03:20Z	2026-04-23T11:05:28.5379568Z	2548	200	true	pages\html\page-0151.html	pages\text\page-0151.txt	
152	https://www.cse.ust.hk/~kwtleung/COMP4321/Movie/140.html	Lost in the Wild (1993)	2023-05-16T05:03:20Z	2026-04-23T11:05:28.5714103Z	3997	200	true	pages\html\page-0152.html	pages\text\page-0152.txt	
153	https://www.cse.ust.hk/~kwtleung/COMP4321/Movie/141.html	Goddess of Mercy (2004)	2023-05-16T05:03:20Z	2026-04-23T11:05:28.604571Z	4112	200	true	pages\html\page-0153.html	pages\text\page-0153.txt	
154	https://www.cse.ust.hk/~kwtleung/COMP4321/Movie/142.html	The Tricky Master (2000)	2023-05-16T05:03:20Z	2026-04-23T11:05:28.6381359Z	6415	200	true	pages\html\page-0154.html	pages\text\page-0154.txt	
155	https://www.cse.ust.hk/~kwtleung/COMP4321/Movie/143.html	The Game (1997)	2023-05-16T05:03:20Z	2026-04-23T11:05:28.6714715Z	3283	200	true	pages\html\page-0155.html	pages\text\page-0155.txt	
156	https://www.cse.ust.hk/~kwtleung/COMP4321/Movie/144.html	Deepak Chopra: The Way of the Wizard and Alchemy (2000)	2023-05-16T05:03:20Z	2026-04-23T11:05:28.7032297Z	2693	200	true	pages\html\page-0156.html	pages\text\page-0156.txt	
157	https://www.cse.ust.hk/~kwtleung/COMP4321/Movie/145.html	Get Out Your Handkerchiefs (1978)	2023-05-16T05:03:20Z	2026-04-23T11:05:28.7213151Z	6485	200	true	pages\html\page-0157.html	pages\text\page-0157.txt	
158	https://www.cse.ust.hk/~kwtleung/COMP4321/Movie/146.html	Cannibal Women in the Avocado Jungle of Death (1988)	2023-05-16T05:03:20Z	2026-04-23T11:05:28.7551667Z	6918	200	true	pages\html\page-0158.html	pages\text\page-0158.txt	
159	https://www.cse.ust.hk/~kwtleung/COMP4321/Movie/147.html	Where Sleeping Dogs Lie (1992)	2023-05-16T05:03:20Z	2026-04-23T11:05:28.805129Z	5656	200	true	pages\html\page-0159.html	pages\text\page-0159.txt	
160	https://www.cse.ust.hk/~kwtleung/COMP4321/Movie/148.html	Sweet November (2001)	2023-05-16T05:03:20Z	2026-04-23T11:05:28.8384664Z	8272	200	true	pages\html\page-0160.html	pages\text\page-0160.txt	
161	https://www.cse.ust.hk/~kwtleung/COMP4321/Movie/149.html	The Edward R. Murrow Collection (2005)	2023-05-16T05:03:20Z	2026-04-23T11:05:28.8713717Z	4092	200	true	pages\html\page-0161.html	pages\text\page-0161.txt	
162	https://www.cse.ust.hk/~kwtleung/COMP4321/Movie/150.html	Firetrap (2001)	2023-05-16T05:03:20Z	2026-04-23T11:05:28.9047733Z	6335	200	true	pages\html\page-0162.html	pages\text\page-0162.txt	
163	https://www.cse.ust.hk/~kwtleung/COMP4321/Movie/151.html	Sleepover Nightmare (2005)	2023-05-16T05:03:22Z	2026-04-23T11:05:28.9382742Z	5969	200	true	pages\html\page-0163.html	pages\text\page-0163.txt	
164	https://www.cse.ust.hk/~kwtleung/COMP4321/Movie/152.html	A Little Princess (1995)	2023-05-16T05:03:22Z	2026-04-23T11:05:28.9716035Z	3982	200	true	pages\html\page-0164.html	pages\text\page-0164.txt	
165	https://www.cse.ust.hk/~kwtleung/COMP4321/Movie/153.html	MTV Yoga (2002)	2023-05-16T05:03:22Z	2026-04-23T11:05:29.0205564Z	3576	200	true	pages\html\page-0165.html	pages\text\page-0165.txt	
166	https://www.cse.ust.hk/~kwtleung/COMP4321/Movie/154.html	Demon Warrior Koji (2000)	2023-05-16T05:03:22Z	2026-04-23T11:05:29.0381834Z	4114	200	true	pages\html\page-0166.html	pages\text\page-0166.txt	
167	https://www.cse.ust.hk/~kwtleung/COMP4321/Movie/155.html	The Strongest Man in the World (1975)	2023-05-16T05:03:22Z	2026-04-23T11:05:29.0882719Z	3882	200	true	pages\html\page-0167.html	pages\text\page-0167.txt	
168	https://www.cse.ust.hk/~kwtleung/COMP4321/Movie/156.html	Husbands and Wives (1992)	2023-05-16T05:03:22Z	2026-04-23T11:05:29.1215873Z	7467	200	true	pages\html\page-0168.html	pages\text\page-0168.txt	
169	https://www.cse.ust.hk/~kwtleung/COMP4321/Movie/157.html	Laird: White Knuckle Extreme (2004)	2023-05-16T05:03:22Z	2026-04-23T11:05:29.1551995Z	2675	200	true	pages\html\page-0169.html	pages\text\page-0169.txt	
170	https://www.cse.ust.hk/~kwtleung/COMP4321/Movie/158.html	A Killer Within (2004)	2023-05-16T05:03:22Z	2026-04-23T11:05:29.1883101Z	8029	200	true	pages\html\page-0170.html	pages\text\page-0170.txt	
171	https://www.cse.ust.hk/~kwtleung/COMP4321/Movie/159.html	Gentlemen of Fortune (1971)	2023-05-16T05:03:22Z	2026-04-23T11:05:29.2222492Z	7526	200	true	pages\html\page-0171.html	pages\text\page-0171.txt	
172	https://www.cse.ust.hk/~kwtleung/COMP4321/Movie/160.html	Gormenghast (2000)	2023-05-16T05:03:22Z	2026-04-23T11:05:29.270746Z	6564	200	true	pages\html\page-0172.html	pages\text\page-0172.txt	
173	https://www.cse.ust.hk/~kwtleung/COMP4321/Movie/161.html	Ninotchka (1939)	2023-05-16T05:03:22Z	2026-04-23T11:05:29.3052632Z	7099	200	true	pages\html\page-0173.html	pages\text\page-0173.txt	
174	https://www.cse.ust.hk/~kwtleung/COMP4321/Movie/162.html	John Cleese on How to Irritate People (1968)	2023-05-16T05:03:22Z	2026-04-23T11:05:29.3385971Z	6997	200	true	pages\html\page-0174.html	pages\text\page-0174.txt	
175	https://www.cse.ust.hk/~kwtleung/COMP4321/Movie/163.html	MTV: Making the Band 2: Best of Season 1 (2002)	2023-05-16T05:03:22Z	2026-04-23T11:05:29.3720075Z	4086	200	true	pages\html\page-0175.html	pages\text\page-0175.txt	
176	https://www.cse.ust.hk/~kwtleung/COMP4321/Movie/164.html	One Last Dance (2003)	2023-05-16T05:03:22Z	2026-04-23T11:05:29.4225563Z	6148	200	true	pages\html\page-0176.html	pages\text\page-0176.txt	
177	https://www.cse.ust.hk/~kwtleung/COMP4321/Movie/165.html	Richard Pryor: Live on the Sunset Strip (1982)	2023-05-16T05:03:22Z	2026-04-23T11:05:29.4553203Z	6062	200	true	pages\html\page-0177.html	pages\text\page-0177.txt	
178	https://www.cse.ust.hk/~kwtleung/COMP4321/Movie/166.html	Fame (1980)	2023-05-16T05:03:22Z	2026-04-23T11:05:29.488909Z	8511	200	true	pages\html\page-0178.html	pages\text\page-0178.txt	
179	https://www.cse.ust.hk/~kwtleung/COMP4321/Movie/167.html	The Chorus (2004)	2023-05-16T05:03:22Z	2026-04-23T11:05:29.5218515Z	4135	200	true	pages\html\page-0179.html	pages\text\page-0179.txt	
180	https://www.cse.ust.hk/~kwtleung/COMP4321/Movie/168.html	Smokey and the Bandit Part 3 (1983)	2023-05-16T05:03:22Z	2026-04-23T11:05:29.5557301Z	9575	200	true	pages\html\page-0180.html	pages\text\page-0180.txt	
181	https://www.cse.ust.hk/~kwtleung/COMP4321/Movie/169.html	Cartoon Network Halloween: 9 Creepy Cartoon Capers (2004)	2023-05-16T05:03:22Z	2026-04-23T11:05:29.6053187Z	2695	200	true	pages\html\page-0181.html	pages\text\page-0181.txt	
182	https://www.cse.ust.hk/~kwtleung/COMP4321/Movie/170.html	Tomorrow (1972)	2023-05-16T05:03:22Z	2026-04-23T11:05:29.6390843Z	5980	200	true	pages\html\page-0182.html	pages\text\page-0182.txt	
183	https://www.cse.ust.hk/~kwtleung/COMP4321/Movie/171.html	Funny Face (1957)	2023-05-16T05:03:22Z	2026-04-23T11:05:29.6721771Z	7988	200	true	pages\html\page-0183.html	pages\text\page-0183.txt	
184	https://www.cse.ust.hk/~kwtleung/COMP4321/Movie/172.html	Jack (2003)	2023-05-16T05:03:22Z	2026-04-23T11:05:29.7057278Z	3066	200	true	pages\html\page-0184.html	pages\text\page-0184.txt	
185	https://www.cse.ust.hk/~kwtleung/COMP4321/Movie/173.html	The Devil's Brigade (1968)	2023-05-16T05:03:22Z	2026-04-23T11:05:29.7390628Z	6984	200	true	pages\html\page-0185.html	pages\text\page-0185.txt	
186	https://www.cse.ust.hk/~kwtleung/COMP4321/Movie/174.html	Adam-12: Season 1 (1968)	2023-05-16T05:03:22Z	2026-04-23T11:05:29.7889046Z	3601	200	true	pages\html\page-0186.html	pages\text\page-0186.txt	
187	https://www.cse.ust.hk/~kwtleung/COMP4321/Movie/175.html	Reservoir Dogs (1992)	2023-05-16T05:03:22Z	2026-04-23T11:05:29.8224582Z	11108	200	true	pages\html\page-0187.html	pages\text\page-0187.txt	
188	https://www.cse.ust.hk/~kwtleung/COMP4321/Movie/176.html	The History Channel Presents: Troy: Unearthing the Legend (2004)	2023-05-16T05:03:24Z	2026-04-23T11:05:29.8559189Z	2830	200	true	pages\html\page-0188.html	pages\text\page-0188.txt	
189	https://www.cse.ust.hk/~kwtleung/COMP4321/Movie/177.html	Pressure (2002)	2023-05-16T05:03:24Z	2026-04-23T11:05:29.88936Z	5923	200	true	pages\html\page-0189.html	pages\text\page-0189.txt	
190	https://www.cse.ust.hk/~kwtleung/COMP4321/Movie/178.html	Regular Guys (1996)	2023-05-16T05:03:24Z	2026-04-23T11:05:29.9226958Z	5971	200	true	pages\html\page-0190.html	pages\text\page-0190.txt	
191	https://www.cse.ust.hk/~kwtleung/COMP4321/Movie/179.html	Bollywood Bound (2003)	2023-05-16T05:03:24Z	2026-04-23T11:05:29.9560749Z	4620	200	true	pages\html\page-0191.html	pages\text\page-0191.txt	
192	https://www.cse.ust.hk/~kwtleung/COMP4321/Movie/180.html	Scratch (2002)	2023-05-16T05:03:24Z	2026-04-23T11:05:29.9892689Z	4099	200	true	pages\html\page-0192.html	pages\text\page-0192.txt	
193	https://www.cse.ust.hk/~kwtleung/COMP4321/Movie/181.html	The Last Shot (2004)	2023-05-16T05:03:24Z	2026-04-23T11:05:30.0224889Z	3414	200	true	pages\html\page-0193.html	pages\text\page-0193.txt	
194	https://www.cse.ust.hk/~kwtleung/COMP4321/Movie/182.html	Moby: Play (2001)	2023-05-16T05:03:24Z	2026-04-23T11:05:30.0725414Z	4803	200	true	pages\html\page-0194.html	pages\text\page-0194.txt	
195	https://www.cse.ust.hk/~kwtleung/COMP4321/Movie/183.html	IFilm: Deranged (2005)	2023-05-16T05:03:24Z	2026-04-23T11:05:30.1061645Z	3862	200	true	pages\html\page-0195.html	pages\text\page-0195.txt	
196	https://www.cse.ust.hk/~kwtleung/COMP4321/Movie/184.html	Billy Blanks: Tae Bo: Cardio Circuit 1 (2004)	2023-05-16T05:03:24Z	2026-04-23T11:05:30.1393695Z	2611	200	true	pages\html\page-0196.html	pages\text\page-0196.txt	
197	https://www.cse.ust.hk/~kwtleung/COMP4321/Movie/185.html	Missing in Action 2: The Beginning / Missing in Action 3: Braddock (1985)	2023-05-16T05:03:24Z	2026-04-23T11:05:30.1729682Z	6805	200	true	pages\html\page-0197.html	pages\text\page-0197.txt	
198	https://www.cse.ust.hk/~kwtleung/COMP4321/Movie/186.html	Panic in the Streets (1950)	2023-05-16T05:03:24Z	2026-04-23T11:05:30.2060362Z	6793	200	true	pages\html\page-0198.html	pages\text\page-0198.txt	
199	https://www.cse.ust.hk/~kwtleung/COMP4321/Movie/187.html	Death to Smoochy (2002)	2023-05-16T05:03:24Z	2026-04-23T11:05:30.2395132Z	8366	200	true	pages\html\page-0199.html	pages\text\page-0199.txt	
200	https://www.cse.ust.hk/~kwtleung/COMP4321/Movie/188.html	Dead Birds (2005)	2023-05-16T05:03:24Z	2026-04-23T11:05:30.2885628Z	3975	200	true	pages\html\page-0200.html	pages\text\page-0200.txt	
201	https://www.cse.ust.hk/~kwtleung/COMP4321/Movie/189.html	Airplane II: The Sequel (1982)	2023-05-16T05:03:24Z	2026-04-23T11:05:30.3230369Z	7714	200	true	pages\html\page-0201.html	pages\text\page-0201.txt	
202	https://www.cse.ust.hk/~kwtleung/COMP4321/Movie/190.html	Blood and Sand (1989)	2023-05-16T05:03:24Z	2026-04-23T11:05:30.3566074Z	3682	200	true	pages\html\page-0202.html	pages\text\page-0202.txt	
203	https://www.cse.ust.hk/~kwtleung/COMP4321/Movie/191.html	X2: X-Men United (2003)	2023-05-16T05:03:24Z	2026-04-23T11:05:30.3898652Z	8773	200	true	pages\html\page-0203.html	pages\text\page-0203.txt	
204	https://www.cse.ust.hk/~kwtleung/COMP4321/Movie/192.html	The SoulTaker (2003)	2023-05-16T05:03:24Z	2026-04-23T11:05:30.4229755Z	5077	200	true	pages\html\page-0204.html	pages\text\page-0204.txt	
205	https://www.cse.ust.hk/~kwtleung/COMP4321/Movie/193.html	Marilyn Manson: Fear of a Satanic Planet (2005)	2023-05-16T05:03:24Z	2026-04-23T11:05:30.4733218Z	2625	200	true	pages\html\page-0205.html	pages\text\page-0205.txt	
206	https://www.cse.ust.hk/~kwtleung/COMP4321/Movie/194.html	Arliss: The Best of Arliss (1996)	2023-05-16T05:03:24Z	2026-04-23T11:05:30.5068225Z	3792	200	true	pages\html\page-0206.html	pages\text\page-0206.txt	
207	https://www.cse.ust.hk/~kwtleung/COMP4321/Movie/195.html	Chasing Freedom (2004)	2023-05-16T05:03:24Z	2026-04-23T11:05:30.5400972Z	8378	200	true	pages\html\page-0207.html	pages\text\page-0207.txt	
208	https://www.cse.ust.hk/~kwtleung/COMP4321/Movie/196.html	Peter Tosh: Stepping Razor: Red X (1992)	2023-05-16T05:03:24Z	2026-04-23T11:05:30.5732782Z	2638	200	true	pages\html\page-0208.html	pages\text\page-0208.txt	
209	https://www.cse.ust.hk/~kwtleung/COMP4321/Movie/197.html	Taking Lives (2004)	2023-05-16T05:03:26Z	2026-04-23T11:05:30.6068159Z	8754	200	true	pages\html\page-0209.html	pages\text\page-0209.txt	
210	https://www.cse.ust.hk/~kwtleung/COMP4321/Movie/198.html	Gupt (1997)	2023-05-16T05:03:26Z	2026-04-23T11:05:30.6398874Z	6856	200	true	pages\html\page-0210.html	pages\text\page-0210.txt	
211	https://www.cse.ust.hk/~kwtleung/COMP4321/Movie/199.html	The Deer Hunter (1978)	2023-05-16T05:03:26Z	2026-04-23T11:05:30.6733839Z	3896	200	true	pages\html\page-0211.html	pages\text\page-0211.txt	
212	https://www.cse.ust.hk/~kwtleung/COMP4321/Movie/200.html	The Fall of the Roman Empire (1964)	2023-05-16T05:03:26Z	2026-04-23T11:05:30.7067911Z	7062	200	true	pages\html\page-0212.html	pages\text\page-0212.txt	
213	https://www.cse.ust.hk/~kwtleung/COMP4321/Movie/201.html	Home Movie (2001)	2023-05-16T05:03:26Z	2026-04-23T11:05:30.7567324Z	6102	200	true	pages\html\page-0213.html	pages\text\page-0213.txt	
214	https://www.cse.ust.hk/~kwtleung/COMP4321/Movie/202.html	Ruby's Bucket of Blood (2001)	2023-05-16T05:03:26Z	2026-04-23T11:05:30.7902731Z	6495	200	true	pages\html\page-0214.html	pages\text\page-0214.txt	
215	https://www.cse.ust.hk/~kwtleung/COMP4321/Movie/203.html	Sports Illustrated Swimsuit Edition: 1997 (1997)	2023-05-16T05:03:26Z	2026-04-23T11:05:30.8235692Z	3412	200	true	pages\html\page-0215.html	pages\text\page-0215.txt	
216	https://www.cse.ust.hk/~kwtleung/COMP4321/Movie/204.html	Venus Boyz (2002)	2023-05-16T05:03:26Z	2026-04-23T11:05:30.856912Z	5782	200	true	pages\html\page-0216.html	pages\text\page-0216.txt	
217	https://www.cse.ust.hk/~kwtleung/COMP4321/Movie/205.html	Troy: Bonus Material (2004)	2023-05-16T05:03:26Z	2026-04-23T11:05:30.8901989Z	2668	200	true	pages\html\page-0217.html	pages\text\page-0217.txt	
218	https://www.cse.ust.hk/~kwtleung/COMP4321/Movie/206.html	Unconstitutional: The War on Our Civil Liberties (2004)	2023-05-16T05:03:26Z	2026-04-23T11:05:30.9237702Z	7114	200	true	pages\html\page-0218.html	pages\text\page-0218.txt	
219	https://www.cse.ust.hk/~kwtleung/COMP4321/Movie/207.html	Denise Austin: Ultimate Fat Burner (2001)	2023-05-16T05:03:26Z	2026-04-23T11:05:30.9728588Z	2583	200	true	pages\html\page-0219.html	pages\text\page-0219.txt	
220	https://www.cse.ust.hk/~kwtleung/COMP4321/Movie/208.html	The Three Stooges: Sing a Song of Six Pants (1947)	2023-05-16T05:03:26Z	2026-04-23T11:05:31.0075791Z	4101	200	true	pages\html\page-0220.html	pages\text\page-0220.txt	
221	https://www.cse.ust.hk/~kwtleung/COMP4321/Movie/209.html	Star Trek: Deep Space Nine: Season 5 (1996)	2023-05-16T05:03:26Z	2026-04-23T11:05:31.0406189Z	3068	200	true	pages\html\page-0221.html	pages\text\page-0221.txt	
222	https://www.cse.ust.hk/~kwtleung/COMP4321/Movie/210.html	Onmyoji (2001)	2023-05-16T05:03:26Z	2026-04-23T11:05:31.0737473Z	6765	200	true	pages\html\page-0222.html	pages\text\page-0222.txt	
223	https://www.cse.ust.hk/~kwtleung/COMP4321/Movie/211.html	The Agronomist (2004)	2023-05-16T05:03:26Z	2026-04-23T11:05:31.1070874Z	6972	200	true	pages\html\page-0223.html	pages\text\page-0223.txt	
224	https://www.cse.ust.hk/~kwtleung/COMP4321/Movie/212.html	Querelle (1982)	2023-05-16T05:03:26Z	2026-04-23T11:05:31.1563478Z	6508	200	true	pages\html\page-0224.html	pages\text\page-0224.txt	
225	https://www.cse.ust.hk/~kwtleung/COMP4321/Movie/213.html	Dinner Rush (2001)	2023-05-16T05:03:26Z	2026-04-23T11:05:31.1911795Z	7801	200	true	pages\html\page-0225.html	pages\text\page-0225.txt	
226	https://www.cse.ust.hk/~kwtleung/COMP4321/Movie/214.html	Read-Along: Beauty and the Beast (2002)	2023-05-16T05:03:26Z	2026-04-23T11:05:31.2240683Z	4007	200	true	pages\html\page-0226.html	pages\text\page-0226.txt	
227	https://www.cse.ust.hk/~kwtleung/COMP4321/Movie/215.html	That '70s Show: Season 1 (1998)	2023-05-16T05:03:26Z	2026-04-23T11:05:31.2577441Z	3705	200	true	pages\html\page-0227.html	pages\text\page-0227.txt	
228	https://www.cse.ust.hk/~kwtleung/COMP4321/Movie/216.html	Impostor (2000)	2023-05-16T05:03:26Z	2026-04-23T11:05:31.29048Z	3522	200	true	pages\html\page-0228.html	pages\text\page-0228.txt	
229	https://www.cse.ust.hk/~kwtleung/COMP4321/Movie/217.html	Cherry 2000 (1988)	2023-05-16T05:03:28Z	2026-04-23T11:05:31.3240776Z	6819	200	true	pages\html\page-0229.html	pages\text\page-0229.txt	
230	https://www.cse.ust.hk/~kwtleung/COMP4321/Movie/218.html	Triumph: Live at the US Festival (1983)	2023-05-16T05:03:28Z	2026-04-23T11:05:31.3572311Z	3746	200	true	pages\html\page-0230.html	pages\text\page-0230.txt	
231	https://www.cse.ust.hk/~kwtleung/COMP4321/Movie/219.html	Neon Bible (1995)	2023-05-16T05:03:28Z	2026-04-23T11:05:31.4063202Z	6911	200	true	pages\html\page-0231.html	pages\text\page-0231.txt	
232	https://www.cse.ust.hk/~kwtleung/COMP4321/Movie/220.html	Winston Churchill: The Wilderness Years (1983)	2023-05-16T05:03:28Z	2026-04-23T11:05:31.4408406Z	10591	200	true	pages\html\page-0232.html	pages\text\page-0232.txt	
233	https://www.cse.ust.hk/~kwtleung/COMP4321/Movie/221.html	Voyage to the Planets and Beyond (2005)	2023-05-16T05:03:28Z	2026-04-23T11:05:31.4744143Z	3071	200	true	pages\html\page-0233.html	pages\text\page-0233.txt	
234	https://www.cse.ust.hk/~kwtleung/COMP4321/Movie/222.html	Yellow (1998)	2023-05-16T05:03:28Z	2026-04-23T11:05:31.5075401Z	7377	200	true	pages\html\page-0234.html	pages\text\page-0234.txt	
235	https://www.cse.ust.hk/~kwtleung/COMP4321/Movie/223.html	Chappelle's Show: Season 1 (2003)	2023-05-16T05:03:28Z	2026-04-23T11:05:31.5409352Z	7877	200	true	pages\html\page-0235.html	pages\text\page-0235.txt	
236	https://www.cse.ust.hk/~kwtleung/COMP4321/Movie/224.html	Midsomer Murders: Blood Will Out (1999)	2023-05-16T05:03:28Z	2026-04-23T11:05:31.5745541Z	2569	200	true	pages\html\page-0236.html	pages\text\page-0236.txt	
237	https://www.cse.ust.hk/~kwtleung/COMP4321/Movie/225.html	The Cookout (2004)	2023-05-16T05:03:28Z	2026-04-23T11:05:31.6077713Z	3605	200	true	pages\html\page-0237.html	pages\text\page-0237.txt	
238	https://www.cse.ust.hk/~kwtleung/COMP4321/Movie/226.html	Henry: Portrait of a Serial Killer 2 (1996)	2023-05-16T05:03:28Z	2026-04-23T11:05:31.6407545Z	3516	200	true	pages\html\page-0238.html	pages\text\page-0238.txt	
239	https://www.cse.ust.hk/~kwtleung/COMP4321/Movie/227.html	The Carol Burnett Show: Show Stoppers (2001)	2023-05-16T05:03:28Z	2026-04-23T11:05:31.6744752Z	3114	200	true	pages\html\page-0239.html	pages\text\page-0239.txt	
240	https://www.cse.ust.hk/~kwtleung/COMP4321/Movie/228.html	Butch and Sundance: The Early Days (1979)	2023-05-16T05:03:28Z	2026-04-23T11:05:31.7232285Z	6256	200	true	pages\html\page-0240.html	pages\text\page-0240.txt	
241	https://www.cse.ust.hk/~kwtleung/COMP4321/Movie/229.html	Peter Gabriel: Growing Up Live (2003)	2023-05-16T05:03:28Z	2026-04-23T11:05:31.757582Z	2880	200	true	pages\html\page-0241.html	pages\text\page-0241.txt	
242	https://www.cse.ust.hk/~kwtleung/COMP4321/Movie/230.html	Unsolved Mysteries: Psychics (1987)	2023-05-16T05:03:28Z	2026-04-23T11:05:31.7912498Z	3104	200	true	pages\html\page-0242.html	pages\text\page-0242.txt	
243	https://www.cse.ust.hk/~kwtleung/COMP4321/Movie/231.html	Marooned in Iraq (2002)	2023-05-16T05:03:28Z	2026-04-23T11:05:31.8246948Z	6311	200	true	pages\html\page-0243.html	pages\text\page-0243.txt	
244	https://www.cse.ust.hk/~kwtleung/COMP4321/Movie/232.html	Gross Anatomy (1989)	2023-05-16T05:03:28Z	2026-04-23T11:05:31.8579905Z	6767	200	true	pages\html\page-0244.html	pages\text\page-0244.txt	
245	https://www.cse.ust.hk/~kwtleung/COMP4321/Movie/233.html	Chato's Land (1971)	2023-05-16T05:03:28Z	2026-04-23T11:05:31.8912555Z	11167	200	true	pages\html\page-0245.html	pages\text\page-0245.txt	
246	https://www.cse.ust.hk/~kwtleung/COMP4321/Movie/234.html	Animation Legend: Winsor McCay (1921)	2023-05-16T05:03:28Z	2026-04-23T11:05:31.9245739Z	3888	200	true	pages\html\page-0246.html	pages\text\page-0246.txt	
247	https://www.cse.ust.hk/~kwtleung/COMP4321/Movie/235.html	Unhook the Stars (1996)	2023-05-16T05:03:30Z	2026-04-23T11:05:31.9744329Z	7025	200	true	pages\html\page-0247.html	pages\text\page-0247.txt	
248	https://www.cse.ust.hk/~kwtleung/COMP4321/Movie/236.html	Cartoon Crazys Sci-Fi (1998)	2023-05-16T05:03:30Z	2026-04-23T11:05:32.0080172Z	2492	200	true	pages\html\page-0248.html	pages\text\page-0248.txt	
249	https://www.cse.ust.hk/~kwtleung/COMP4321/Movie/237.html	Broken Blossoms (1918)	2023-05-16T05:03:30Z	2026-04-23T11:05:32.0413372Z	3769	200	true	pages\html\page-0249.html	pages\text\page-0249.txt	
250	https://www.cse.ust.hk/~kwtleung/COMP4321/Movie/238.html	Led Zeppelin: The Song Remains the Same (1976)	2023-05-16T05:03:30Z	2026-04-23T11:05:32.0750721Z	9335	200	true	pages\html\page-0250.html	pages\text\page-0250.txt	
251	https://www.cse.ust.hk/~kwtleung/COMP4321/Movie/239.html	Winnie the Pooh: Springtime with Roo (2004)	2023-05-16T05:03:30Z	2026-04-23T11:05:32.1248816Z	6829	200	true	pages\html\page-0251.html	pages\text\page-0251.txt	
252	https://www.cse.ust.hk/~kwtleung/COMP4321/Movie/240.html	Woman of the Year (1942)	2023-05-16T05:03:30Z	2026-04-23T11:05:32.1579608Z	7342	200	true	pages\html\page-0252.html	pages\text\page-0252.txt	
253	https://www.cse.ust.hk/~kwtleung/COMP4321/Movie/241.html	North by Northwest (1959)	2023-05-16T05:03:30Z	2026-04-23T11:05:32.1915436Z	9712	200	true	pages\html\page-0253.html	pages\text\page-0253.txt	
254	https://www.cse.ust.hk/~kwtleung/COMP4321/Movie/242.html	Neon Genesis Evangelion: The End of Evangelion (1995)	2023-05-16T05:03:30Z	2026-04-23T11:05:32.2414118Z	8900	200	true	pages\html\page-0254.html	pages\text\page-0254.txt	
255	https://www.cse.ust.hk/~kwtleung/COMP4321/Movie/243.html	Pressure Point (1962)	2023-05-16T05:03:30Z	2026-04-23T11:05:32.2752973Z	5973	200	true	pages\html\page-0255.html	pages\text\page-0255.txt	
256	https://www.cse.ust.hk/~kwtleung/COMP4321/Movie/244.html	Stellvia (2004)	2023-05-16T05:03:30Z	2026-04-23T11:05:32.3082219Z	5667	200	true	pages\html\page-0256.html	pages\text\page-0256.txt	
257	https://www.cse.ust.hk/~kwtleung/COMP4321/Movie/245.html	Road Dogz (2002)	2023-05-16T05:03:30Z	2026-04-23T11:05:32.3414859Z	6649	200	true	pages\html\page-0257.html	pages\text\page-0257.txt	
258	https://www.cse.ust.hk/~kwtleung/COMP4321/Movie/246.html	The Boston Strangler (1968)	2023-05-16T05:03:30Z	2026-04-23T11:05:32.3750067Z	3904	200	true	pages\html\page-0258.html	pages\text\page-0258.txt	
259	https://www.cse.ust.hk/~kwtleung/COMP4321/Movie/247.html	Oleanna (1994)	2023-05-16T05:03:30Z	2026-04-23T11:05:32.4253095Z	7915	200	true	pages\html\page-0259.html	pages\text\page-0259.txt	
260	https://www.cse.ust.hk/~kwtleung/COMP4321/Movie/248.html	Michael Moore's The Awful Truth: Season 2 (2001)	2023-05-16T05:03:30Z	2026-04-23T11:05:32.4587516Z	2696	200	true	pages\html\page-0260.html	pages\text\page-0260.txt	
261	https://www.cse.ust.hk/~kwtleung/COMP4321/Movie/249.html	The Hunters (1958)	2023-05-16T05:03:30Z	2026-04-23T11:05:32.4917934Z	6093	200	true	pages\html\page-0261.html	pages\text\page-0261.txt	
262	https://www.cse.ust.hk/~kwtleung/COMP4321/Movie/250.html	Cast a Giant Shadow (1966)	2023-05-16T05:03:30Z	2026-04-23T11:05:32.5254305Z	7615	200	true	pages\html\page-0262.html	pages\text\page-0262.txt	
263	https://www.cse.ust.hk/~kwtleung/COMP4321/Movie/251.html	Midsomer Murders: Strangler's Wood (2000)	2023-05-16T05:03:30Z	2026-04-23T11:05:32.5587002Z	2583	200	true	pages\html\page-0263.html	pages\text\page-0263.txt	
264	https://www.cse.ust.hk/~kwtleung/COMP4321/Movie/252.html	Stuart Little 2 (2002)	2023-05-16T05:03:30Z	2026-04-23T11:05:32.5917945Z	8171	200	true	pages\html\page-0264.html	pages\text\page-0264.txt	
265	https://www.cse.ust.hk/~kwtleung/COMP4321/Movie/253.html	A Night at the Opera (1935)	2023-05-16T05:03:32Z	2026-04-23T11:05:32.6253092Z	4111	200	true	pages\html\page-0265.html	pages\text\page-0265.txt	
266	https://www.cse.ust.hk/~kwtleung/COMP4321/Movie/254.html	Westender (2003)	2023-05-16T05:03:32Z	2026-04-23T11:05:32.6741743Z	6053	200	true	pages\html\page-0266.html	pages\text\page-0266.txt	
267	https://www.cse.ust.hk/~kwtleung/COMP4321/Movie/255.html	The Hunchback of Notre Dame II (2001)	2023-05-16T05:03:32Z	2026-04-23T11:05:32.7087622Z	6973	200	true	pages\html\page-0267.html	pages\text\page-0267.txt	
268	https://www.cse.ust.hk/~kwtleung/COMP4321/Movie/256.html	Ghost Dog: The Way of the Samurai (2000)	2023-05-16T05:03:32Z	2026-04-23T11:05:32.7422277Z	10489	200	true	pages\html\page-0268.html	pages\text\page-0268.txt	
269	https://www.cse.ust.hk/~kwtleung/COMP4321/Movie/257.html	Charlotte's Web (1973)	2023-05-16T05:03:32Z	2026-04-23T11:05:32.7923242Z	7637	200	true	pages\html\page-0269.html	pages\text\page-0269.txt	
270	https://www.cse.ust.hk/~kwtleung/COMP4321/Movie/258.html	Mann (1999)	2023-05-16T05:03:32Z	2026-04-23T11:05:32.8258224Z	6687	200	true	pages\html\page-0270.html	pages\text\page-0270.txt	
271	https://www.cse.ust.hk/~kwtleung/COMP4321/Movie/259.html	Animal (2004)	2023-05-16T05:03:32Z	2026-04-23T11:05:32.8588183Z	4576	200	true	pages\html\page-0271.html	pages\text\page-0271.txt	
272	https://www.cse.ust.hk/~kwtleung/COMP4321/Movie/260.html	Marat / Sade (1967)	2023-05-16T05:03:32Z	2026-04-23T11:05:32.9087894Z	6756	200	true	pages\html\page-0272.html	pages\text\page-0272.txt	
273	https://www.cse.ust.hk/~kwtleung/COMP4321/Movie/261.html	The Big Clock (1948)	2023-05-16T05:03:32Z	2026-04-23T11:05:32.9424863Z	6735	200	true	pages\html\page-0273.html	pages\text\page-0273.txt	
274	https://www.cse.ust.hk/~kwtleung/COMP4321/Movie/262.html	Herbie Rides Again (1974)	2023-05-16T05:03:32Z	2026-04-23T11:05:32.9756902Z	7169	200	true	pages\html\page-0274.html	pages\text\page-0274.txt	
275	https://www.cse.ust.hk/~kwtleung/COMP4321/Movie/263.html	Dragon Ball: Tournament Saga (2001)	2023-05-16T05:03:32Z	2026-04-23T11:05:33.009071Z	2685	200	true	pages\html\page-0275.html	pages\text\page-0275.txt	
276	https://www.cse.ust.hk/~kwtleung/COMP4321/Movie/264.html	Angelina Ballerina: Lights (2002)	2023-05-16T05:03:32Z	2026-04-23T11:05:33.0425971Z	2629	200	true	pages\html\page-0276.html	pages\text\page-0276.txt	
277	https://www.cse.ust.hk/~kwtleung/COMP4321/Movie/265.html	The Jeff Corwin Experience: Costa Rica and the Amazon (2002)	2023-05-16T05:03:32Z	2026-04-23T11:05:33.0922945Z	2907	200	true	pages\html\page-0277.html	pages\text\page-0277.txt	
278	https://www.cse.ust.hk/~kwtleung/COMP4321/Movie/266.html	Saudade Do Futuro (2000)	2023-05-16T05:03:32Z	2026-04-23T11:05:33.1256429Z	4386	200	true	pages\html\page-0278.html	pages\text\page-0278.txt	
279	https://www.cse.ust.hk/~kwtleung/COMP4321/Movie/267.html	Touched by an Angel: Season 1 (1994)	2023-05-16T05:03:32Z	2026-04-23T11:05:33.1592458Z	3937	200	true	pages\html\page-0279.html	pages\text\page-0279.txt	
280	https://www.cse.ust.hk/~kwtleung/COMP4321/Movie/268.html	The Final Countdown (1980)	2023-05-16T05:03:32Z	2026-04-23T11:05:33.1926331Z	3837	200	true	pages\html\page-0280.html	pages\text\page-0280.txt	
281	https://www.cse.ust.hk/~kwtleung/COMP4321/Movie/269.html	Parenthood (1989)	2023-05-16T05:03:32Z	2026-04-23T11:05:33.2260889Z	7631	200	true	pages\html\page-0281.html	pages\text\page-0281.txt	
282	https://www.cse.ust.hk/~kwtleung/COMP4321/Movie/270.html	Sex and the City: Season 4 (2001)	2023-05-16T05:03:32Z	2026-04-23T11:05:33.2762715Z	4186	200	true	pages\html\page-0282.html	pages\text\page-0282.txt	
283	https://www.cse.ust.hk/~kwtleung/COMP4321/Movie/271.html	Saludos Amigos (1943)	2023-05-16T05:03:32Z	2026-04-23T11:05:33.3093085Z	7115	200	true	pages\html\page-0283.html	pages\text\page-0283.txt	
284	https://www.cse.ust.hk/~kwtleung/COMP4321/Movie/272.html	Female Yakuza Tale (1973)	2023-05-16T05:03:34Z	2026-04-23T11:05:33.3592235Z	6321	200	true	pages\html\page-0284.html	pages\text\page-0284.txt	
285	https://www.cse.ust.hk/~kwtleung/COMP4321/Movie/273.html	Taxi (2004)	2023-05-16T05:03:34Z	2026-04-23T11:05:33.3930483Z	10708	200	true	pages\html\page-0285.html	pages\text\page-0285.txt	
286	https://www.cse.ust.hk/~kwtleung/COMP4321/Movie/274.html	Crazy as Hell (2002)	2023-05-16T05:03:34Z	2026-04-23T11:05:33.4266877Z	6550	200	true	pages\html\page-0286.html	pages\text\page-0286.txt	
287	https://www.cse.ust.hk/~kwtleung/COMP4321/Movie/275.html	Evelyn (2002)	2023-05-16T05:03:34Z	2026-04-23T11:05:33.4597608Z	8940	200	true	pages\html\page-0287.html	pages\text\page-0287.txt	
288	https://www.cse.ust.hk/~kwtleung/COMP4321/Movie/276.html	Cold Harvest (1998)	2023-05-16T05:03:34Z	2026-04-23T11:05:33.5087655Z	5918	200	true	pages\html\page-0288.html	pages\text\page-0288.txt	
289	https://www.cse.ust.hk/~kwtleung/COMP4321/Movie/277.html	Enigma: MCMXC A.D (2003)	2023-05-16T05:03:34Z	2026-04-23T11:05:33.542923Z	2464	200	true	pages\html\page-0289.html	pages\text\page-0289.txt	
290	https://www.cse.ust.hk/~kwtleung/COMP4321/Movie/278.html	100 Days Before the Command (1990)	2023-05-16T05:03:34Z	2026-04-23T11:05:33.5763786Z	5871	200	true	pages\html\page-0290.html	pages\text\page-0290.txt	
291	https://www.cse.ust.hk/~kwtleung/COMP4321/Movie/279.html	Micki and Maude (1984)	2023-05-16T05:03:34Z	2026-04-23T11:05:33.6264084Z	3691	200	true	pages\html\page-0291.html	pages\text\page-0291.txt	
292	https://www.cse.ust.hk/~kwtleung/COMP4321/Movie/280.html	Sarah Brightman: In Concert (1998)	2023-05-16T05:03:34Z	2026-04-23T11:05:33.6594188Z	3296	200	true	pages\html\page-0292.html	pages\text\page-0292.txt	
293	https://www.cse.ust.hk/~kwtleung/COMP4321/news/bbc1.htm	BBC news1	2023-05-16T05:03:44Z	2026-04-23T11:05:33.6930656Z	1649	200	true	pages\html\page-0293.html	pages\text\page-0293.txt	
294	https://www.cse.ust.hk/~kwtleung/COMP4321/news/bbc2.htm	BBC news2	2023-05-16T05:03:44Z	2026-04-23T11:05:33.7430403Z	2136	200	true	pages\html\page-0294.html	pages\text\page-0294.txt	
295	https://www.cse.ust.hk/~kwtleung/COMP4321/news/bbc3.htm	BBC news3	2023-05-16T05:03:44Z	2026-04-23T11:05:33.7769606Z	3301	200	true	pages\html\page-0295.html	pages\text\page-0295.txt	
296	https://www.cse.ust.hk/~kwtleung/COMP4321/news/cnn1.htm	CNN news1	2023-05-16T05:03:44Z	2026-04-23T11:05:33.8098846Z	4427	200	true	pages\html\page-0296.html	pages\text\page-0296.txt	
297	https://www.cse.ust.hk/~kwtleung/COMP4321/news/cnn2.htm	CNN news2	2023-05-16T05:03:44Z	2026-04-23T11:05:33.8598049Z	6009	200	true	pages\html\page-0297.html	pages\text\page-0297.txt	
