pageId	url	title	lastModified	size	bodyFile
1	https://www.cse.ust.hk/~kwtleung/COMP4321/testpage.htm	Test page	2023-05-16T05:03:16Z	603	page-0001-body.txt
2	https://www.cse.ust.hk/~kwtleung/COMP4321/ust_cse.htm	CSE department of HKUST	2023-05-16T05:03:16Z	392	page-0002-body.txt
3	https://www.cse.ust.hk/~kwtleung/COMP4321/news.htm	News	2023-05-16T05:03:16Z	384	page-0003-body.txt
4	https://www.cse.ust.hk/~kwtleung/COMP4321/books.htm	books	2023-05-16T05:03:16Z	601	page-0004-body.txt
5	https://www.cse.ust.hk/~kwtleung/COMP4321/Movie.htm	Movie Index Page	2023-05-16T05:09:22Z	19541	page-0005-body.txt
6	https://www.cse.ust.hk/~kwtleung/COMP4321/ust_cse/PG.htm	PG	2023-05-16T05:03:46Z	3267	page-0006-body.txt
7	https://www.cse.ust.hk/~kwtleung/COMP4321/ust_cse/UG.htm	UG	2023-05-16T05:03:46Z	4070	page-0007-body.txt
8	https://www.cse.ust.hk/~kwtleung/COMP4321/news/bbc.htm	BBC news	2023-05-16T05:03:44Z	499	page-0008-body.txt
9	https://www.cse.ust.hk/~kwtleung/COMP4321/news/cnn.htm	CNN news	2023-05-16T05:03:44Z	448	page-0009-body.txt
10	https://www.cse.ust.hk/~kwtleung/COMP4321/books/book1.htm	book1	2023-05-16T05:03:16Z	1617	page-0010-body.txt
11	https://www.cse.ust.hk/~kwtleung/COMP4321/books/book2.htm	book2	2023-05-16T05:03:16Z	2084	page-0011-body.txt
12	https://www.cse.ust.hk/~kwtleung/COMP4321/books/book3.htm	book3	2023-05-16T05:03:16Z	1994	page-0012-body.txt
13	https://www.cse.ust.hk/~kwtleung/COMP4321/Movie/1.html	Dinosaur Planet (2003)	2023-05-16T05:03:16Z	3605	page-0013-body.txt
14	https://www.cse.ust.hk/~kwtleung/COMP4321/Movie/2.html	Isle of Man TT 2004 Review (2004)	2023-05-16T05:03:26Z	2868	page-0014-body.txt
15	https://www.cse.ust.hk/~kwtleung/COMP4321/Movie/3.html	Character (1997)	2023-05-16T05:03:36Z	4008	page-0015-body.txt
16	https://www.cse.ust.hk/~kwtleung/COMP4321/Movie/4.html	Paula Abdul's Get Up and Dance (1994)	2023-05-16T05:03:38Z	2820	page-0016-body.txt
17	https://www.cse.ust.hk/~kwtleung/COMP4321/Movie/5.html	The Rise and Fall of ECW (2004)	2023-05-16T05:03:38Z	3928	page-0017-body.txt
18	https://www.cse.ust.hk/~kwtleung/COMP4321/Movie/6.html	Sick (1997)	2023-05-16T05:03:40Z	5243	page-0018-body.txt
19	https://www.cse.ust.hk/~kwtleung/COMP4321/Movie/7.html	8 Man (1992)	2023-05-16T05:03:40Z	3498	page-0019-body.txt
20	https://www.cse.ust.hk/~kwtleung/COMP4321/Movie/8.html	What the #$*! Do We Know!? (2004)	2023-05-16T05:03:42Z	4147	page-0020-body.txt
21	https://www.cse.ust.hk/~kwtleung/COMP4321/Movie/9.html	Class of Nuke 'Em High 2 (1991)	2023-05-16T05:03:44Z	7075	page-0021-body.txt
22	https://www.cse.ust.hk/~kwtleung/COMP4321/Movie/10.html	Fighter (2001)	2023-05-16T05:03:16Z	13199	page-0022-body.txt
23	https://www.cse.ust.hk/~kwtleung/COMP4321/Movie/11.html	Full Frame: Documentary Shorts (1999)	2023-05-16T05:03:18Z	2700	page-0023-body.txt
24	https://www.cse.ust.hk/~kwtleung/COMP4321/Movie/12.html	My Favorite Brunette (1947)	2023-05-16T05:03:18Z	6432	page-0024-body.txt
25	https://www.cse.ust.hk/~kwtleung/COMP4321/Movie/13.html	Lord of the Rings: The Return of the King: Extended Edition: Bonus Material (2003)	2023-05-16T05:03:20Z	2997	page-0025-body.txt
26	https://www.cse.ust.hk/~kwtleung/COMP4321/Movie/14.html	Nature: Antarctica (1982)	2023-05-16T05:03:20Z	3711	page-0026-body.txt
27	https://www.cse.ust.hk/~kwtleung/COMP4321/Movie/15.html	Neil Diamond: Greatest Hits Live (1988)	2023-05-16T05:03:20Z	5415	page-0027-body.txt
28	https://www.cse.ust.hk/~kwtleung/COMP4321/Movie/16.html	Screamers (1996)	2023-05-16T05:03:22Z	3737	page-0028-body.txt
29	https://www.cse.ust.hk/~kwtleung/COMP4321/Movie/17.html	7 Seconds (2005)	2023-05-16T05:03:22Z	3521	page-0029-body.txt
30	https://www.cse.ust.hk/~kwtleung/COMP4321/Movie/18.html	Immortal Beloved (1994)	2023-05-16T05:03:24Z	7583	page-0030-body.txt
31	https://www.cse.ust.hk/~kwtleung/COMP4321/Movie/19.html	By Dawn's Early Light (2000)	2023-05-16T05:03:24Z	2827	page-0031-body.txt
32	https://www.cse.ust.hk/~kwtleung/COMP4321/Movie/20.html	Seeta Aur Geeta (1972)	2023-05-16T05:03:26Z	5856	page-0032-body.txt
33	https://www.cse.ust.hk/~kwtleung/COMP4321/Movie/21.html	Strange Relations (2002)	2023-05-16T05:03:26Z	6405	page-0033-body.txt
34	https://www.cse.ust.hk/~kwtleung/COMP4321/Movie/22.html	Chump Change (2000)	2023-05-16T05:03:28Z	6333	page-0034-body.txt
35	https://www.cse.ust.hk/~kwtleung/COMP4321/Movie/23.html	Clifford: Clifford Saves the Day! / Clifford's Fluffiest Friend Cleo (2001)	2023-05-16T05:03:28Z	3844	page-0035-body.txt
36	https://www.cse.ust.hk/~kwtleung/COMP4321/Movie/24.html	My Bloody Valentine (1981)	2023-05-16T05:03:30Z	6894	page-0036-body.txt
37	https://www.cse.ust.hk/~kwtleung/COMP4321/Movie/25.html	Inspector Morse 31: Death Is Now My Neighbour (1997)	2023-05-16T05:03:30Z	2660	page-0037-body.txt
38	https://www.cse.ust.hk/~kwtleung/COMP4321/Movie/26.html	Never Die Alone (2004)	2023-05-16T05:03:32Z	7213	page-0038-body.txt
39	https://www.cse.ust.hk/~kwtleung/COMP4321/Movie/27.html	Sesame Street: Elmo's World: The Street We Live On (1962)	2023-05-16T05:03:32Z	3821	page-0039-body.txt
40	https://www.cse.ust.hk/~kwtleung/COMP4321/Movie/28.html	Lilo and Stitch (2002)	2023-05-16T05:03:34Z	3863	page-0040-body.txt
41	https://www.cse.ust.hk/~kwtleung/COMP4321/Movie/29.html	Boycott (2001)	2023-05-16T05:03:36Z	3302	page-0041-body.txt
42	https://www.cse.ust.hk/~kwtleung/COMP4321/Movie/30.html	Something's Gotta Give (2003)	2023-05-16T05:03:36Z	9304	page-0042-body.txt
43	https://www.cse.ust.hk/~kwtleung/COMP4321/Movie/31.html	Classic Albums: Meat Loaf: Bat Out of Hell (1999)	2023-05-16T05:03:36Z	4787	page-0043-body.txt
44	https://www.cse.ust.hk/~kwtleung/COMP4321/Movie/32.html	ABC Primetime: Mel Gibson's The Passion of the Christ (2004)	2023-05-16T05:03:36Z	2716	page-0044-body.txt
45	https://www.cse.ust.hk/~kwtleung/COMP4321/Movie/33.html	Aqua Teen Hunger Force: Vol. 1 (2000)	2023-05-16T05:03:36Z	2759	page-0045-body.txt
46	https://www.cse.ust.hk/~kwtleung/COMP4321/Movie/34.html	Ashtanga Yoga: Beginner's Practice with Nicki Doane (2003)	2023-05-16T05:03:36Z	2702	page-0046-body.txt
47	https://www.cse.ust.hk/~kwtleung/COMP4321/Movie/35.html	Ferngully 2: The Magical Rescue (2000)	2023-05-16T05:03:36Z	6086	page-0047-body.txt
48	https://www.cse.ust.hk/~kwtleung/COMP4321/Movie/36.html	Lady Chatterley (1992)	2023-05-16T05:03:36Z	3839	page-0048-body.txt
49	https://www.cse.ust.hk/~kwtleung/COMP4321/Movie/37.html	Zatoichi's Conspiracy (1973)	2023-05-16T05:03:36Z	6818	page-0049-body.txt
50	https://www.cse.ust.hk/~kwtleung/COMP4321/Movie/38.html	Daydream Obsession (2003)	2023-05-16T05:03:38Z	3745	page-0050-body.txt
51	https://www.cse.ust.hk/~kwtleung/COMP4321/Movie/39.html	Love Reinvented (2000)	2023-05-16T05:03:38Z	6494	page-0051-body.txt
52	https://www.cse.ust.hk/~kwtleung/COMP4321/Movie/40.html	Pitcher and the Pin-Up (2004)	2023-05-16T05:03:38Z	5819	page-0052-body.txt
53	https://www.cse.ust.hk/~kwtleung/COMP4321/Movie/41.html	Horror Vision (2000)	2023-05-16T05:03:38Z	3793	page-0053-body.txt
54	https://www.cse.ust.hk/~kwtleung/COMP4321/Movie/42.html	Searching for Paradise (2002)	2023-05-16T05:03:38Z	6426	page-0054-body.txt
55	https://www.cse.ust.hk/~kwtleung/COMP4321/Movie/43.html	Silent Service (2000)	2023-05-16T05:03:38Z	3683	page-0055-body.txt
56	https://www.cse.ust.hk/~kwtleung/COMP4321/Movie/44.html	Spitfire Grill (1996)	2023-05-16T05:03:38Z	7514	page-0056-body.txt
57	https://www.cse.ust.hk/~kwtleung/COMP4321/Movie/45.html	The Love Letter (1999)	2023-05-16T05:03:38Z	3511	page-0057-body.txt
58	https://www.cse.ust.hk/~kwtleung/COMP4321/Movie/46.html	Rudolph the Red-Nosed Reindeer (1964)	2023-05-16T05:03:38Z	2849	page-0058-body.txt
59	https://www.cse.ust.hk/~kwtleung/COMP4321/Movie/47.html	The Bad and the Beautiful (1952)	2023-05-16T05:03:38Z	3892	page-0059-body.txt
60	https://www.cse.ust.hk/~kwtleung/COMP4321/Movie/48.html	Justice League (2001)	2023-05-16T05:03:38Z	3580	page-0060-body.txt
61	https://www.cse.ust.hk/~kwtleung/COMP4321/Movie/49.html	Devo: The Complete Truth About De-evolution (2003)	2023-05-16T05:03:38Z	2866	page-0061-body.txt
62	https://www.cse.ust.hk/~kwtleung/COMP4321/Movie/50.html	A Yank in the R.A.F. (1941)	2023-05-16T05:03:38Z	7217	page-0062-body.txt
63	https://www.cse.ust.hk/~kwtleung/COMP4321/Movie/51.html	Jonah: A VeggieTales Movie: Bonus Material (2002)	2023-05-16T05:03:38Z	2781	page-0063-body.txt
64	https://www.cse.ust.hk/~kwtleung/COMP4321/Movie/52.html	The Weather Underground (2002)	2023-05-16T05:03:38Z	10792	page-0064-body.txt
65	https://www.cse.ust.hk/~kwtleung/COMP4321/Movie/53.html	The Bonesetter (2003)	2023-05-16T05:03:38Z	3566	page-0065-body.txt
66	https://www.cse.ust.hk/~kwtleung/COMP4321/Movie/54.html	We're Not Married (1952)	2023-05-16T05:03:38Z	5636	page-0066-body.txt
67	https://www.cse.ust.hk/~kwtleung/COMP4321/Movie/55.html	Jade (1995)	2023-05-16T05:03:38Z	7977	page-0067-body.txt
68	https://www.cse.ust.hk/~kwtleung/COMP4321/Movie/56.html	Carandiru (2004)	2023-05-16T05:03:38Z	2769	page-0068-body.txt
69	https://www.cse.ust.hk/~kwtleung/COMP4321/Movie/57.html	Richard III (1995)	2023-05-16T05:03:38Z	7318	page-0069-body.txt
70	https://www.cse.ust.hk/~kwtleung/COMP4321/Movie/58.html	Dragonheart (1996)	2023-05-16T05:03:40Z	7828	page-0070-body.txt
71	https://www.cse.ust.hk/~kwtleung/COMP4321/Movie/59.html	Sex and the Beauties (2003)	2023-05-16T05:03:40Z	6428	page-0071-body.txt
72	https://www.cse.ust.hk/~kwtleung/COMP4321/Movie/60.html	The Libertine (1969)	2023-05-16T05:03:40Z	3873	page-0072-body.txt
73	https://www.cse.ust.hk/~kwtleung/COMP4321/Movie/61.html	Ricky Martin: One Night Only (1999)	2023-05-16T05:03:40Z	4172	page-0073-body.txt
74	https://www.cse.ust.hk/~kwtleung/COMP4321/Movie/62.html	Ken Burns' America: Empire of the Air (1991)	2023-05-16T05:03:40Z	3769	page-0074-body.txt
75	https://www.cse.ust.hk/~kwtleung/COMP4321/Movie/63.html	Crash Dive (1943)	2023-05-16T05:03:40Z	6958	page-0075-body.txt
76	https://www.cse.ust.hk/~kwtleung/COMP4321/Movie/64.html	Outside the Law (2001)	2023-05-16T05:03:40Z	3775	page-0076-body.txt
77	https://www.cse.ust.hk/~kwtleung/COMP4321/Movie/65.html	Lost in the Pershing Point Hotel (2000)	2023-05-16T05:03:40Z	5762	page-0077-body.txt
78	https://www.cse.ust.hk/~kwtleung/COMP4321/Movie/66.html	Barbarian Queen 2 (1989)	2023-05-16T05:03:40Z	3663	page-0078-body.txt
79	https://www.cse.ust.hk/~kwtleung/COMP4321/Movie/67.html	Vampire Journals (1997)	2023-05-16T05:03:40Z	6074	page-0079-body.txt
80	https://www.cse.ust.hk/~kwtleung/COMP4321/Movie/68.html	Invader Zim (2004)	2023-05-16T05:03:40Z	9570	page-0080-body.txt
81	https://www.cse.ust.hk/~kwtleung/COMP4321/Movie/69.html	WWE: Armageddon 2003 (2003)	2023-05-16T05:03:40Z	2996	page-0081-body.txt
82	https://www.cse.ust.hk/~kwtleung/COMP4321/Movie/70.html	Tai Chi: The 24 Forms (1999)	2023-05-16T05:03:40Z	3736	page-0082-body.txt
83	https://www.cse.ust.hk/~kwtleung/COMP4321/Movie/71.html	Maya Lin: A Strong Clear Vision (1995)	2023-05-16T05:03:40Z	5590	page-0083-body.txt
84	https://www.cse.ust.hk/~kwtleung/COMP4321/Movie/72.html	At Home Among Strangers (1974)	2023-05-16T05:03:40Z	4027	page-0084-body.txt
85	https://www.cse.ust.hk/~kwtleung/COMP4321/Movie/73.html	Davy Crockett: 50th Anniversary Double Feature (1954)	2023-05-16T05:03:40Z	2667	page-0085-body.txt
86	https://www.cse.ust.hk/~kwtleung/COMP4321/Movie/74.html	6ixtynin9 (1999)	2023-05-16T05:03:40Z	7152	page-0086-body.txt
87	https://www.cse.ust.hk/~kwtleung/COMP4321/Movie/75.html	Grind (1997)	2023-05-16T05:03:40Z	5651	page-0087-body.txt
88	https://www.cse.ust.hk/~kwtleung/COMP4321/Movie/76.html	I Love Lucy: Season 2 (1952)	2023-05-16T05:03:40Z	3530	page-0088-body.txt
89	https://www.cse.ust.hk/~kwtleung/COMP4321/Movie/77.html	Congo (1995)	2023-05-16T05:03:40Z	7052	page-0089-body.txt
90	https://www.cse.ust.hk/~kwtleung/COMP4321/Movie/78.html	Jingle All the Way (1996)	2023-05-16T05:03:40Z	8021	page-0090-body.txt
91	https://www.cse.ust.hk/~kwtleung/COMP4321/Movie/79.html	The Killing (1956)	2023-05-16T05:03:42Z	8474	page-0091-body.txt
92	https://www.cse.ust.hk/~kwtleung/COMP4321/Movie/80.html	Winter Kills (1979)	2023-05-16T05:03:42Z	8822	page-0092-body.txt
93	https://www.cse.ust.hk/~kwtleung/COMP4321/Movie/81.html	Antarctica: IMAX (1991)	2023-05-16T05:03:42Z	3738	page-0093-body.txt
94	https://www.cse.ust.hk/~kwtleung/COMP4321/Movie/82.html	The Frogmen (1951)	2023-05-16T05:03:42Z	6731	page-0094-body.txt
95	https://www.cse.ust.hk/~kwtleung/COMP4321/Movie/83.html	Silkwood (1983)	2023-05-16T05:03:42Z	7241	page-0095-body.txt
96	https://www.cse.ust.hk/~kwtleung/COMP4321/Movie/84.html	The Powerpuff Girls Movie (2002)	2023-05-16T05:03:42Z	8532	page-0096-body.txt
97	https://www.cse.ust.hk/~kwtleung/COMP4321/Movie/85.html	Elfen Lied (2005)	2023-05-16T05:03:42Z	3668	page-0097-body.txt
98	https://www.cse.ust.hk/~kwtleung/COMP4321/Movie/86.html	Iron Monkey 2 (1996)	2023-05-16T05:03:42Z	3631	page-0098-body.txt
99	https://www.cse.ust.hk/~kwtleung/COMP4321/Movie/87.html	Louder Than Bombs (2002)	2023-05-16T05:03:42Z	5523	page-0099-body.txt
100	https://www.cse.ust.hk/~kwtleung/COMP4321/Movie/88.html	Record of Lodoss War: Chronicles of the Heroic Knight (1998)	2023-05-16T05:03:42Z	9657	page-0100-body.txt
101	https://www.cse.ust.hk/~kwtleung/COMP4321/Movie/89.html	Chain of Command (2000)	2023-05-16T05:03:44Z	7134	page-0101-body.txt
102	https://www.cse.ust.hk/~kwtleung/COMP4321/Movie/90.html	The Lemon Drop Kid (1951)	2023-05-16T05:03:44Z	4072	page-0102-body.txt
103	https://www.cse.ust.hk/~kwtleung/COMP4321/Movie/91.html	WWE: Royal Rumble 2005 (2005)	2023-05-16T05:03:44Z	3169	page-0103-body.txt
104	https://www.cse.ust.hk/~kwtleung/COMP4321/Movie/92.html	ECW: Cyberslam '99 (2002)	2023-05-16T05:03:44Z	4530	page-0104-body.txt
105	https://www.cse.ust.hk/~kwtleung/COMP4321/Movie/93.html	They Came Back (2004)	2023-05-16T05:03:44Z	3504	page-0105-body.txt
106	https://www.cse.ust.hk/~kwtleung/COMP4321/Movie/94.html	G3: Live in Concert (2000)	2023-05-16T05:03:44Z	5093	page-0106-body.txt
107	https://www.cse.ust.hk/~kwtleung/COMP4321/Movie/95.html	Dona Herlinda and Her Son (1985)	2023-05-16T05:03:44Z	5579	page-0107-body.txt
108	https://www.cse.ust.hk/~kwtleung/COMP4321/Movie/96.html	Inside the Space Station (2000)	2023-05-16T05:03:44Z	4846	page-0108-body.txt
109	https://www.cse.ust.hk/~kwtleung/COMP4321/Movie/97.html	Mostly Martha (2002)	2023-05-16T05:03:44Z	2840	page-0109-body.txt
110	https://www.cse.ust.hk/~kwtleung/COMP4321/Movie/98.html	The Battle of Algiers: Bonus Material (1965)	2023-05-16T05:03:44Z	2832	page-0110-body.txt
111	https://www.cse.ust.hk/~kwtleung/COMP4321/Movie/99.html	A Fishy Story (1989)	2023-05-16T05:03:44Z	3271	page-0111-body.txt
112	https://www.cse.ust.hk/~kwtleung/COMP4321/Movie/100.html	Sam the Iron Bridge (1993)	2023-05-16T05:03:16Z	4110	page-0112-body.txt
113	https://www.cse.ust.hk/~kwtleung/COMP4321/Movie/101.html	Complete Shamanic Princess (1997)	2023-05-16T05:03:16Z	3166	page-0113-body.txt
114	https://www.cse.ust.hk/~kwtleung/COMP4321/Movie/102.html	Notre Musique (2004)	2023-05-16T05:03:16Z	10796	page-0114-body.txt
115	https://www.cse.ust.hk/~kwtleung/COMP4321/Movie/103.html	Sanford and Son: Season 6 (1976)	2023-05-16T05:03:16Z	3771	page-0115-body.txt
116	https://www.cse.ust.hk/~kwtleung/COMP4321/Movie/104.html	The Great Race (1965)	2023-05-16T05:03:16Z	3678	page-0116-body.txt
117	https://www.cse.ust.hk/~kwtleung/COMP4321/Movie/105.html	Obsessed (2002)	2023-05-16T05:03:18Z	3535	page-0117-body.txt
118	https://www.cse.ust.hk/~kwtleung/COMP4321/Movie/106.html	Stevie Ray Vaughan and Double Trouble: Live at Montreux 1982 and 1985 (2004)	2023-05-16T05:03:18Z	5754	page-0118-body.txt
119	https://www.cse.ust.hk/~kwtleung/COMP4321/Movie/107.html	Magnolia: Bonus Material (2000)	2023-05-16T05:03:18Z	2513	page-0119-body.txt
120	https://www.cse.ust.hk/~kwtleung/COMP4321/Movie/108.html	Spartan (2004)	2023-05-16T05:03:18Z	7939	page-0120-body.txt
121	https://www.cse.ust.hk/~kwtleung/COMP4321/Movie/109.html	No Way Back (1996)	2023-05-16T05:03:18Z	3379	page-0121-body.txt
122	https://www.cse.ust.hk/~kwtleung/COMP4321/Movie/110.html	Scandal (1989)	2023-05-16T05:03:18Z	7950	page-0122-body.txt
123	https://www.cse.ust.hk/~kwtleung/COMP4321/Movie/111.html	Duplex (Widescreen) (2003)	2023-05-16T05:03:18Z	2478	page-0123-body.txt
124	https://www.cse.ust.hk/~kwtleung/COMP4321/Movie/112.html	The Eye of Vichy (1993)	2023-05-16T05:03:18Z	7500	page-0124-body.txt
125	https://www.cse.ust.hk/~kwtleung/COMP4321/Movie/113.html	Bruce Lee: A Warrior's Journey (2000)	2023-05-16T05:03:18Z	6989	page-0125-body.txt
126	https://www.cse.ust.hk/~kwtleung/COMP4321/Movie/114.html	Dominion Tank Police Part 1 and 2 (1989)	2023-05-16T05:03:18Z	2792	page-0126-body.txt
127	https://www.cse.ust.hk/~kwtleung/COMP4321/Movie/115.html	Lord Peter Wimsey: Murder Must Advertise (1973)	2023-05-16T05:03:18Z	8368	page-0127-body.txt
128	https://www.cse.ust.hk/~kwtleung/COMP4321/Movie/116.html	Bear Cub (2004)	2023-05-16T05:03:18Z	3868	page-0128-body.txt
129	https://www.cse.ust.hk/~kwtleung/COMP4321/Movie/117.html	Silk Stockings (1957)	2023-05-16T05:03:18Z	6617	page-0129-body.txt
130	https://www.cse.ust.hk/~kwtleung/COMP4321/Movie/118.html	Rambo: First Blood Part II (1985)	2023-05-16T05:03:18Z	8604	page-0130-body.txt
131	https://www.cse.ust.hk/~kwtleung/COMP4321/Movie/119.html	Travel the World by Train: Africa (1999)	2023-05-16T05:03:18Z	3953	page-0131-body.txt
132	https://www.cse.ust.hk/~kwtleung/COMP4321/Movie/120.html	Plain Dirty (2004)	2023-05-16T05:03:18Z	7025	page-0132-body.txt
133	https://www.cse.ust.hk/~kwtleung/COMP4321/Movie/121.html	Beyonce: Live at Wembley (2003)	2023-05-16T05:03:18Z	3880	page-0133-body.txt
134	https://www.cse.ust.hk/~kwtleung/COMP4321/Movie/122.html	Cube 2: Hypercube (2002)	2023-05-16T05:03:18Z	7862	page-0134-body.txt
135	https://www.cse.ust.hk/~kwtleung/COMP4321/Movie/123.html	Chain of Fools (2000)	2023-05-16T05:03:18Z	7193	page-0135-body.txt
136	https://www.cse.ust.hk/~kwtleung/COMP4321/Movie/124.html	Cold Blooded (2000)	2023-05-16T05:03:18Z	3766	page-0136-body.txt
137	https://www.cse.ust.hk/~kwtleung/COMP4321/Movie/125.html	Nighthawks (1981)	2023-05-16T05:03:20Z	7979	page-0137-body.txt
138	https://www.cse.ust.hk/~kwtleung/COMP4321/Movie/126.html	Vampire Effect (aka Twins Effect) (2003)	2023-05-16T05:03:20Z	3084	page-0138-body.txt
139	https://www.cse.ust.hk/~kwtleung/COMP4321/Movie/127.html	Fatal Beauty (1987)	2023-05-16T05:03:20Z	6802	page-0139-body.txt
140	https://www.cse.ust.hk/~kwtleung/COMP4321/Movie/128.html	Mr. Vampire (1985)	2023-05-16T05:03:20Z	3977	page-0140-body.txt
141	https://www.cse.ust.hk/~kwtleung/COMP4321/Movie/129.html	Darkwolf (2003)	2023-05-16T05:03:20Z	3300	page-0141-body.txt
142	https://www.cse.ust.hk/~kwtleung/COMP4321/Movie/130.html	Drowning on Dry Land (1999)	2023-05-16T05:03:20Z	5484	page-0142-body.txt
143	https://www.cse.ust.hk/~kwtleung/COMP4321/Movie/131.html	Arachnid (2002)	2023-05-16T05:03:20Z	7156	page-0143-body.txt
144	https://www.cse.ust.hk/~kwtleung/COMP4321/Movie/132.html	Lucio Fulci: The Beyond (1981)	2023-05-16T05:03:20Z	3905	page-0144-body.txt
145	https://www.cse.ust.hk/~kwtleung/COMP4321/Movie/133.html	Viva La Bam: Season 1 (2003)	2023-05-16T05:03:20Z	7109	page-0145-body.txt
146	https://www.cse.ust.hk/~kwtleung/COMP4321/Movie/134.html	Spirit Lost (1996)	2023-05-16T05:03:20Z	5370	page-0146-body.txt
147	https://www.cse.ust.hk/~kwtleung/COMP4321/Movie/135.html	GTO: Great Teacher Onizuka: Set 2 (1998)	2023-05-16T05:03:20Z	2706	page-0147-body.txt
148	https://www.cse.ust.hk/~kwtleung/COMP4321/Movie/136.html	Cat and the Canary (1927)	2023-05-16T05:03:20Z	3394	page-0148-body.txt
149	https://www.cse.ust.hk/~kwtleung/COMP4321/Movie/137.html	Naked Lies (1998)	2023-05-16T05:03:20Z	5926	page-0149-body.txt
150	https://www.cse.ust.hk/~kwtleung/COMP4321/Movie/138.html	Star Trek: Voyager: Season 1 (1995)	2023-05-16T05:03:20Z	4116	page-0150-body.txt
151	https://www.cse.ust.hk/~kwtleung/COMP4321/Movie/139.html	Allergies: A Natural Approach (2001)	2023-05-16T05:03:20Z	2548	page-0151-body.txt
152	https://www.cse.ust.hk/~kwtleung/COMP4321/Movie/140.html	Lost in the Wild (1993)	2023-05-16T05:03:20Z	3997	page-0152-body.txt
153	https://www.cse.ust.hk/~kwtleung/COMP4321/Movie/141.html	Goddess of Mercy (2004)	2023-05-16T05:03:20Z	4112	page-0153-body.txt
154	https://www.cse.ust.hk/~kwtleung/COMP4321/Movie/142.html	The Tricky Master (2000)	2023-05-16T05:03:20Z	6415	page-0154-body.txt
155	https://www.cse.ust.hk/~kwtleung/COMP4321/Movie/143.html	The Game (1997)	2023-05-16T05:03:20Z	3283	page-0155-body.txt
156	https://www.cse.ust.hk/~kwtleung/COMP4321/Movie/144.html	Deepak Chopra: The Way of the Wizard and Alchemy (2000)	2023-05-16T05:03:20Z	2693	page-0156-body.txt
157	https://www.cse.ust.hk/~kwtleung/COMP4321/Movie/145.html	Get Out Your Handkerchiefs (1978)	2023-05-16T05:03:20Z	6485	page-0157-body.txt
158	https://www.cse.ust.hk/~kwtleung/COMP4321/Movie/146.html	Cannibal Women in the Avocado Jungle of Death (1988)	2023-05-16T05:03:20Z	6918	page-0158-body.txt
159	https://www.cse.ust.hk/~kwtleung/COMP4321/Movie/147.html	Where Sleeping Dogs Lie (1992)	2023-05-16T05:03:20Z	5656	page-0159-body.txt
160	https://www.cse.ust.hk/~kwtleung/COMP4321/Movie/148.html	Sweet November (2001)	2023-05-16T05:03:20Z	8272	page-0160-body.txt
161	https://www.cse.ust.hk/~kwtleung/COMP4321/Movie/149.html	The Edward R. Murrow Collection (2005)	2023-05-16T05:03:20Z	4092	page-0161-body.txt
162	https://www.cse.ust.hk/~kwtleung/COMP4321/Movie/150.html	Firetrap (2001)	2023-05-16T05:03:20Z	6335	page-0162-body.txt
163	https://www.cse.ust.hk/~kwtleung/COMP4321/Movie/151.html	Sleepover Nightmare (2005)	2023-05-16T05:03:22Z	5969	page-0163-body.txt
164	https://www.cse.ust.hk/~kwtleung/COMP4321/Movie/152.html	A Little Princess (1995)	2023-05-16T05:03:22Z	3982	page-0164-body.txt
165	https://www.cse.ust.hk/~kwtleung/COMP4321/Movie/153.html	MTV Yoga (2002)	2023-05-16T05:03:22Z	3576	page-0165-body.txt
166	https://www.cse.ust.hk/~kwtleung/COMP4321/Movie/154.html	Demon Warrior Koji (2000)	2023-05-16T05:03:22Z	4114	page-0166-body.txt
167	https://www.cse.ust.hk/~kwtleung/COMP4321/Movie/155.html	The Strongest Man in the World (1975)	2023-05-16T05:03:22Z	3882	page-0167-body.txt
168	https://www.cse.ust.hk/~kwtleung/COMP4321/Movie/156.html	Husbands and Wives (1992)	2023-05-16T05:03:22Z	7467	page-0168-body.txt
169	https://www.cse.ust.hk/~kwtleung/COMP4321/Movie/157.html	Laird: White Knuckle Extreme (2004)	2023-05-16T05:03:22Z	2675	page-0169-body.txt
170	https://www.cse.ust.hk/~kwtleung/COMP4321/Movie/158.html	A Killer Within (2004)	2023-05-16T05:03:22Z	8029	page-0170-body.txt
171	https://www.cse.ust.hk/~kwtleung/COMP4321/Movie/159.html	Gentlemen of Fortune (1971)	2023-05-16T05:03:22Z	7526	page-0171-body.txt
172	https://www.cse.ust.hk/~kwtleung/COMP4321/Movie/160.html	Gormenghast (2000)	2023-05-16T05:03:22Z	6564	page-0172-body.txt
173	https://www.cse.ust.hk/~kwtleung/COMP4321/Movie/161.html	Ninotchka (1939)	2023-05-16T05:03:22Z	7099	page-0173-body.txt
174	https://www.cse.ust.hk/~kwtleung/COMP4321/Movie/162.html	John Cleese on How to Irritate People (1968)	2023-05-16T05:03:22Z	6997	page-0174-body.txt
175	https://www.cse.ust.hk/~kwtleung/COMP4321/Movie/163.html	MTV: Making the Band 2: Best of Season 1 (2002)	2023-05-16T05:03:22Z	4086	page-0175-body.txt
176	https://www.cse.ust.hk/~kwtleung/COMP4321/Movie/164.html	One Last Dance (2003)	2023-05-16T05:03:22Z	6148	page-0176-body.txt
177	https://www.cse.ust.hk/~kwtleung/COMP4321/Movie/165.html	Richard Pryor: Live on the Sunset Strip (1982)	2023-05-16T05:03:22Z	6062	page-0177-body.txt
178	https://www.cse.ust.hk/~kwtleung/COMP4321/Movie/166.html	Fame (1980)	2023-05-16T05:03:22Z	8511	page-0178-body.txt
179	https://www.cse.ust.hk/~kwtleung/COMP4321/Movie/167.html	The Chorus (2004)	2023-05-16T05:03:22Z	4135	page-0179-body.txt
180	https://www.cse.ust.hk/~kwtleung/COMP4321/Movie/168.html	Smokey and the Bandit Part 3 (1983)	2023-05-16T05:03:22Z	9575	page-0180-body.txt
181	https://www.cse.ust.hk/~kwtleung/COMP4321/Movie/169.html	Cartoon Network Halloween: 9 Creepy Cartoon Capers (2004)	2023-05-16T05:03:22Z	2695	page-0181-body.txt
182	https://www.cse.ust.hk/~kwtleung/COMP4321/Movie/170.html	Tomorrow (1972)	2023-05-16T05:03:22Z	5980	page-0182-body.txt
183	https://www.cse.ust.hk/~kwtleung/COMP4321/Movie/171.html	Funny Face (1957)	2023-05-16T05:03:22Z	7988	page-0183-body.txt
184	https://www.cse.ust.hk/~kwtleung/COMP4321/Movie/172.html	Jack (2003)	2023-05-16T05:03:22Z	3066	page-0184-body.txt
185	https://www.cse.ust.hk/~kwtleung/COMP4321/Movie/173.html	The Devil's Brigade (1968)	2023-05-16T05:03:22Z	6984	page-0185-body.txt
186	https://www.cse.ust.hk/~kwtleung/COMP4321/Movie/174.html	Adam-12: Season 1 (1968)	2023-05-16T05:03:22Z	3601	page-0186-body.txt
187	https://www.cse.ust.hk/~kwtleung/COMP4321/Movie/175.html	Reservoir Dogs (1992)	2023-05-16T05:03:22Z	11108	page-0187-body.txt
188	https://www.cse.ust.hk/~kwtleung/COMP4321/Movie/176.html	The History Channel Presents: Troy: Unearthing the Legend (2004)	2023-05-16T05:03:24Z	2830	page-0188-body.txt
189	https://www.cse.ust.hk/~kwtleung/COMP4321/Movie/177.html	Pressure (2002)	2023-05-16T05:03:24Z	5923	page-0189-body.txt
190	https://www.cse.ust.hk/~kwtleung/COMP4321/Movie/178.html	Regular Guys (1996)	2023-05-16T05:03:24Z	5971	page-0190-body.txt
191	https://www.cse.ust.hk/~kwtleung/COMP4321/Movie/179.html	Bollywood Bound (2003)	2023-05-16T05:03:24Z	4620	page-0191-body.txt
192	https://www.cse.ust.hk/~kwtleung/COMP4321/Movie/180.html	Scratch (2002)	2023-05-16T05:03:24Z	4099	page-0192-body.txt
193	https://www.cse.ust.hk/~kwtleung/COMP4321/Movie/181.html	The Last Shot (2004)	2023-05-16T05:03:24Z	3414	page-0193-body.txt
194	https://www.cse.ust.hk/~kwtleung/COMP4321/Movie/182.html	Moby: Play (2001)	2023-05-16T05:03:24Z	4803	page-0194-body.txt
195	https://www.cse.ust.hk/~kwtleung/COMP4321/Movie/183.html	IFilm: Deranged (2005)	2023-05-16T05:03:24Z	3862	page-0195-body.txt
196	https://www.cse.ust.hk/~kwtleung/COMP4321/Movie/184.html	Billy Blanks: Tae Bo: Cardio Circuit 1 (2004)	2023-05-16T05:03:24Z	2611	page-0196-body.txt
197	https://www.cse.ust.hk/~kwtleung/COMP4321/Movie/185.html	Missing in Action 2: The Beginning / Missing in Action 3: Braddock (1985)	2023-05-16T05:03:24Z	6805	page-0197-body.txt
198	https://www.cse.ust.hk/~kwtleung/COMP4321/Movie/186.html	Panic in the Streets (1950)	2023-05-16T05:03:24Z	6793	page-0198-body.txt
199	https://www.cse.ust.hk/~kwtleung/COMP4321/Movie/187.html	Death to Smoochy (2002)	2023-05-16T05:03:24Z	8366	page-0199-body.txt
200	https://www.cse.ust.hk/~kwtleung/COMP4321/Movie/188.html	Dead Birds (2005)	2023-05-16T05:03:24Z	3975	page-0200-body.txt
201	https://www.cse.ust.hk/~kwtleung/COMP4321/Movie/189.html	Airplane II: The Sequel (1982)	2023-05-16T05:03:24Z	7714	page-0201-body.txt
202	https://www.cse.ust.hk/~kwtleung/COMP4321/Movie/190.html	Blood and Sand (1989)	2023-05-16T05:03:24Z	3682	page-0202-body.txt
203	https://www.cse.ust.hk/~kwtleung/COMP4321/Movie/191.html	X2: X-Men United (2003)	2023-05-16T05:03:24Z	8773	page-0203-body.txt
204	https://www.cse.ust.hk/~kwtleung/COMP4321/Movie/192.html	The SoulTaker (2003)	2023-05-16T05:03:24Z	5077	page-0204-body.txt
205	https://www.cse.ust.hk/~kwtleung/COMP4321/Movie/193.html	Marilyn Manson: Fear of a Satanic Planet (2005)	2023-05-16T05:03:24Z	2625	page-0205-body.txt
206	https://www.cse.ust.hk/~kwtleung/COMP4321/Movie/194.html	Arliss: The Best of Arliss (1996)	2023-05-16T05:03:24Z	3792	page-0206-body.txt
207	https://www.cse.ust.hk/~kwtleung/COMP4321/Movie/195.html	Chasing Freedom (2004)	2023-05-16T05:03:24Z	8378	page-0207-body.txt
208	https://www.cse.ust.hk/~kwtleung/COMP4321/Movie/196.html	Peter Tosh: Stepping Razor: Red X (1992)	2023-05-16T05:03:24Z	2638	page-0208-body.txt
209	https://www.cse.ust.hk/~kwtleung/COMP4321/Movie/197.html	Taking Lives (2004)	2023-05-16T05:03:26Z	8754	page-0209-body.txt
210	https://www.cse.ust.hk/~kwtleung/COMP4321/Movie/198.html	Gupt (1997)	2023-05-16T05:03:26Z	6856	page-0210-body.txt
211	https://www.cse.ust.hk/~kwtleung/COMP4321/Movie/199.html	The Deer Hunter (1978)	2023-05-16T05:03:26Z	3896	page-0211-body.txt
212	https://www.cse.ust.hk/~kwtleung/COMP4321/Movie/200.html	The Fall of the Roman Empire (1964)	2023-05-16T05:03:26Z	7062	page-0212-body.txt
213	https://www.cse.ust.hk/~kwtleung/COMP4321/Movie/201.html	Home Movie (2001)	2023-05-16T05:03:26Z	6102	page-0213-body.txt
214	https://www.cse.ust.hk/~kwtleung/COMP4321/Movie/202.html	Ruby's Bucket of Blood (2001)	2023-05-16T05:03:26Z	6495	page-0214-body.txt
215	https://www.cse.ust.hk/~kwtleung/COMP4321/Movie/203.html	Sports Illustrated Swimsuit Edition: 1997 (1997)	2023-05-16T05:03:26Z	3412	page-0215-body.txt
216	https://www.cse.ust.hk/~kwtleung/COMP4321/Movie/204.html	Venus Boyz (2002)	2023-05-16T05:03:26Z	5782	page-0216-body.txt
217	https://www.cse.ust.hk/~kwtleung/COMP4321/Movie/205.html	Troy: Bonus Material (2004)	2023-05-16T05:03:26Z	2668	page-0217-body.txt
218	https://www.cse.ust.hk/~kwtleung/COMP4321/Movie/206.html	Unconstitutional: The War on Our Civil Liberties (2004)	2023-05-16T05:03:26Z	7114	page-0218-body.txt
219	https://www.cse.ust.hk/~kwtleung/COMP4321/Movie/207.html	Denise Austin: Ultimate Fat Burner (2001)	2023-05-16T05:03:26Z	2583	page-0219-body.txt
220	https://www.cse.ust.hk/~kwtleung/COMP4321/Movie/208.html	The Three Stooges: Sing a Song of Six Pants (1947)	2023-05-16T05:03:26Z	4101	page-0220-body.txt
221	https://www.cse.ust.hk/~kwtleung/COMP4321/Movie/209.html	Star Trek: Deep Space Nine: Season 5 (1996)	2023-05-16T05:03:26Z	3068	page-0221-body.txt
222	https://www.cse.ust.hk/~kwtleung/COMP4321/Movie/210.html	Onmyoji (2001)	2023-05-16T05:03:26Z	6765	page-0222-body.txt
223	https://www.cse.ust.hk/~kwtleung/COMP4321/Movie/211.html	The Agronomist (2004)	2023-05-16T05:03:26Z	6972	page-0223-body.txt
224	https://www.cse.ust.hk/~kwtleung/COMP4321/Movie/212.html	Querelle (1982)	2023-05-16T05:03:26Z	6508	page-0224-body.txt
225	https://www.cse.ust.hk/~kwtleung/COMP4321/Movie/213.html	Dinner Rush (2001)	2023-05-16T05:03:26Z	7801	page-0225-body.txt
226	https://www.cse.ust.hk/~kwtleung/COMP4321/Movie/214.html	Read-Along: Beauty and the Beast (2002)	2023-05-16T05:03:26Z	4007	page-0226-body.txt
227	https://www.cse.ust.hk/~kwtleung/COMP4321/Movie/215.html	That '70s Show: Season 1 (1998)	2023-05-16T05:03:26Z	3705	page-0227-body.txt
228	https://www.cse.ust.hk/~kwtleung/COMP4321/Movie/216.html	Impostor (2000)	2023-05-16T05:03:26Z	3522	page-0228-body.txt
229	https://www.cse.ust.hk/~kwtleung/COMP4321/Movie/217.html	Cherry 2000 (1988)	2023-05-16T05:03:28Z	6819	page-0229-body.txt
230	https://www.cse.ust.hk/~kwtleung/COMP4321/Movie/218.html	Triumph: Live at the US Festival (1983)	2023-05-16T05:03:28Z	3746	page-0230-body.txt
231	https://www.cse.ust.hk/~kwtleung/COMP4321/Movie/219.html	Neon Bible (1995)	2023-05-16T05:03:28Z	6911	page-0231-body.txt
232	https://www.cse.ust.hk/~kwtleung/COMP4321/Movie/220.html	Winston Churchill: The Wilderness Years (1983)	2023-05-16T05:03:28Z	10591	page-0232-body.txt
233	https://www.cse.ust.hk/~kwtleung/COMP4321/Movie/221.html	Voyage to the Planets and Beyond (2005)	2023-05-16T05:03:28Z	3071	page-0233-body.txt
234	https://www.cse.ust.hk/~kwtleung/COMP4321/Movie/222.html	Yellow (1998)	2023-05-16T05:03:28Z	7377	page-0234-body.txt
235	https://www.cse.ust.hk/~kwtleung/COMP4321/Movie/223.html	Chappelle's Show: Season 1 (2003)	2023-05-16T05:03:28Z	7877	page-0235-body.txt
236	https://www.cse.ust.hk/~kwtleung/COMP4321/Movie/224.html	Midsomer Murders: Blood Will Out (1999)	2023-05-16T05:03:28Z	2569	page-0236-body.txt
237	https://www.cse.ust.hk/~kwtleung/COMP4321/Movie/225.html	The Cookout (2004)	2023-05-16T05:03:28Z	3605	page-0237-body.txt
238	https://www.cse.ust.hk/~kwtleung/COMP4321/Movie/226.html	Henry: Portrait of a Serial Killer 2 (1996)	2023-05-16T05:03:28Z	3516	page-0238-body.txt
239	https://www.cse.ust.hk/~kwtleung/COMP4321/Movie/227.html	The Carol Burnett Show: Show Stoppers (2001)	2023-05-16T05:03:28Z	3114	page-0239-body.txt
240	https://www.cse.ust.hk/~kwtleung/COMP4321/Movie/228.html	Butch and Sundance: The Early Days (1979)	2023-05-16T05:03:28Z	6256	page-0240-body.txt
241	https://www.cse.ust.hk/~kwtleung/COMP4321/Movie/229.html	Peter Gabriel: Growing Up Live (2003)	2023-05-16T05:03:28Z	2880	page-0241-body.txt
242	https://www.cse.ust.hk/~kwtleung/COMP4321/Movie/230.html	Unsolved Mysteries: Psychics (1987)	2023-05-16T05:03:28Z	3104	page-0242-body.txt
243	https://www.cse.ust.hk/~kwtleung/COMP4321/Movie/231.html	Marooned in Iraq (2002)	2023-05-16T05:03:28Z	6311	page-0243-body.txt
244	https://www.cse.ust.hk/~kwtleung/COMP4321/Movie/232.html	Gross Anatomy (1989)	2023-05-16T05:03:28Z	6767	page-0244-body.txt
245	https://www.cse.ust.hk/~kwtleung/COMP4321/Movie/233.html	Chato's Land (1971)	2023-05-16T05:03:28Z	11167	page-0245-body.txt
246	https://www.cse.ust.hk/~kwtleung/COMP4321/Movie/234.html	Animation Legend: Winsor McCay (1921)	2023-05-16T05:03:28Z	3888	page-0246-body.txt
247	https://www.cse.ust.hk/~kwtleung/COMP4321/Movie/235.html	Unhook the Stars (1996)	2023-05-16T05:03:30Z	7025	page-0247-body.txt
248	https://www.cse.ust.hk/~kwtleung/COMP4321/Movie/236.html	Cartoon Crazys Sci-Fi (1998)	2023-05-16T05:03:30Z	2492	page-0248-body.txt
249	https://www.cse.ust.hk/~kwtleung/COMP4321/Movie/237.html	Broken Blossoms (1918)	2023-05-16T05:03:30Z	3769	page-0249-body.txt
250	https://www.cse.ust.hk/~kwtleung/COMP4321/Movie/238.html	Led Zeppelin: The Song Remains the Same (1976)	2023-05-16T05:03:30Z	9335	page-0250-body.txt
251	https://www.cse.ust.hk/~kwtleung/COMP4321/Movie/239.html	Winnie the Pooh: Springtime with Roo (2004)	2023-05-16T05:03:30Z	6829	page-0251-body.txt
252	https://www.cse.ust.hk/~kwtleung/COMP4321/Movie/240.html	Woman of the Year (1942)	2023-05-16T05:03:30Z	7342	page-0252-body.txt
253	https://www.cse.ust.hk/~kwtleung/COMP4321/Movie/241.html	North by Northwest (1959)	2023-05-16T05:03:30Z	9712	page-0253-body.txt
254	https://www.cse.ust.hk/~kwtleung/COMP4321/Movie/242.html	Neon Genesis Evangelion: The End of Evangelion (1995)	2023-05-16T05:03:30Z	8900	page-0254-body.txt
255	https://www.cse.ust.hk/~kwtleung/COMP4321/Movie/243.html	Pressure Point (1962)	2023-05-16T05:03:30Z	5973	page-0255-body.txt
256	https://www.cse.ust.hk/~kwtleung/COMP4321/Movie/244.html	Stellvia (2004)	2023-05-16T05:03:30Z	5667	page-0256-body.txt
257	https://www.cse.ust.hk/~kwtleung/COMP4321/Movie/245.html	Road Dogz (2002)	2023-05-16T05:03:30Z	6649	page-0257-body.txt
258	https://www.cse.ust.hk/~kwtleung/COMP4321/Movie/246.html	The Boston Strangler (1968)	2023-05-16T05:03:30Z	3904	page-0258-body.txt
259	https://www.cse.ust.hk/~kwtleung/COMP4321/Movie/247.html	Oleanna (1994)	2023-05-16T05:03:30Z	7915	page-0259-body.txt
260	https://www.cse.ust.hk/~kwtleung/COMP4321/Movie/248.html	Michael Moore's The Awful Truth: Season 2 (2001)	2023-05-16T05:03:30Z	2696	page-0260-body.txt
261	https://www.cse.ust.hk/~kwtleung/COMP4321/Movie/249.html	The Hunters (1958)	2023-05-16T05:03:30Z	6093	page-0261-body.txt
262	https://www.cse.ust.hk/~kwtleung/COMP4321/Movie/250.html	Cast a Giant Shadow (1966)	2023-05-16T05:03:30Z	7615	page-0262-body.txt
263	https://www.cse.ust.hk/~kwtleung/COMP4321/Movie/251.html	Midsomer Murders: Strangler's Wood (2000)	2023-05-16T05:03:30Z	2583	page-0263-body.txt
264	https://www.cse.ust.hk/~kwtleung/COMP4321/Movie/252.html	Stuart Little 2 (2002)	2023-05-16T05:03:30Z	8171	page-0264-body.txt
265	https://www.cse.ust.hk/~kwtleung/COMP4321/Movie/253.html	A Night at the Opera (1935)	2023-05-16T05:03:32Z	4111	page-0265-body.txt
266	https://www.cse.ust.hk/~kwtleung/COMP4321/Movie/254.html	Westender (2003)	2023-05-16T05:03:32Z	6053	page-0266-body.txt
267	https://www.cse.ust.hk/~kwtleung/COMP4321/Movie/255.html	The Hunchback of Notre Dame II (2001)	2023-05-16T05:03:32Z	6973	page-0267-body.txt
268	https://www.cse.ust.hk/~kwtleung/COMP4321/Movie/256.html	Ghost Dog: The Way of the Samurai (2000)	2023-05-16T05:03:32Z	10489	page-0268-body.txt
269	https://www.cse.ust.hk/~kwtleung/COMP4321/Movie/257.html	Charlotte's Web (1973)	2023-05-16T05:03:32Z	7637	page-0269-body.txt
270	https://www.cse.ust.hk/~kwtleung/COMP4321/Movie/258.html	Mann (1999)	2023-05-16T05:03:32Z	6687	page-0270-body.txt
271	https://www.cse.ust.hk/~kwtleung/COMP4321/Movie/259.html	Animal (2004)	2023-05-16T05:03:32Z	4576	page-0271-body.txt
272	https://www.cse.ust.hk/~kwtleung/COMP4321/Movie/260.html	Marat / Sade (1967)	2023-05-16T05:03:32Z	6756	page-0272-body.txt
273	https://www.cse.ust.hk/~kwtleung/COMP4321/Movie/261.html	The Big Clock (1948)	2023-05-16T05:03:32Z	6735	page-0273-body.txt
274	https://www.cse.ust.hk/~kwtleung/COMP4321/Movie/262.html	Herbie Rides Again (1974)	2023-05-16T05:03:32Z	7169	page-0274-body.txt
275	https://www.cse.ust.hk/~kwtleung/COMP4321/Movie/263.html	Dragon Ball: Tournament Saga (2001)	2023-05-16T05:03:32Z	2685	page-0275-body.txt
276	https://www.cse.ust.hk/~kwtleung/COMP4321/Movie/264.html	Angelina Ballerina: Lights (2002)	2023-05-16T05:03:32Z	2629	page-0276-body.txt
277	https://www.cse.ust.hk/~kwtleung/COMP4321/Movie/265.html	The Jeff Corwin Experience: Costa Rica and the Amazon (2002)	2023-05-16T05:03:32Z	2907	page-0277-body.txt
278	https://www.cse.ust.hk/~kwtleung/COMP4321/Movie/266.html	Saudade Do Futuro (2000)	2023-05-16T05:03:32Z	4386	page-0278-body.txt
279	https://www.cse.ust.hk/~kwtleung/COMP4321/Movie/267.html	Touched by an Angel: Season 1 (1994)	2023-05-16T05:03:32Z	3937	page-0279-body.txt
280	https://www.cse.ust.hk/~kwtleung/COMP4321/Movie/268.html	The Final Countdown (1980)	2023-05-16T05:03:32Z	3837	page-0280-body.txt
281	https://www.cse.ust.hk/~kwtleung/COMP4321/Movie/269.html	Parenthood (1989)	2023-05-16T05:03:32Z	7631	page-0281-body.txt
282	https://www.cse.ust.hk/~kwtleung/COMP4321/Movie/270.html	Sex and the City: Season 4 (2001)	2023-05-16T05:03:32Z	4186	page-0282-body.txt
283	https://www.cse.ust.hk/~kwtleung/COMP4321/Movie/271.html	Saludos Amigos (1943)	2023-05-16T05:03:32Z	7115	page-0283-body.txt
284	https://www.cse.ust.hk/~kwtleung/COMP4321/Movie/272.html	Female Yakuza Tale (1973)	2023-05-16T05:03:34Z	6321	page-0284-body.txt
285	https://www.cse.ust.hk/~kwtleung/COMP4321/Movie/273.html	Taxi (2004)	2023-05-16T05:03:34Z	10708	page-0285-body.txt
286	https://www.cse.ust.hk/~kwtleung/COMP4321/Movie/274.html	Crazy as Hell (2002)	2023-05-16T05:03:34Z	6550	page-0286-body.txt
287	https://www.cse.ust.hk/~kwtleung/COMP4321/Movie/275.html	Evelyn (2002)	2023-05-16T05:03:34Z	8940	page-0287-body.txt
288	https://www.cse.ust.hk/~kwtleung/COMP4321/Movie/276.html	Cold Harvest (1998)	2023-05-16T05:03:34Z	5918	page-0288-body.txt
289	https://www.cse.ust.hk/~kwtleung/COMP4321/Movie/277.html	Enigma: MCMXC A.D (2003)	2023-05-16T05:03:34Z	2464	page-0289-body.txt
290	https://www.cse.ust.hk/~kwtleung/COMP4321/Movie/278.html	100 Days Before the Command (1990)	2023-05-16T05:03:34Z	5871	page-0290-body.txt
291	https://www.cse.ust.hk/~kwtleung/COMP4321/Movie/279.html	Micki and Maude (1984)	2023-05-16T05:03:34Z	3691	page-0291-body.txt
292	https://www.cse.ust.hk/~kwtleung/COMP4321/Movie/280.html	Sarah Brightman: In Concert (1998)	2023-05-16T05:03:34Z	3296	page-0292-body.txt
293	https://www.cse.ust.hk/~kwtleung/COMP4321/news/bbc1.htm	BBC news1	2023-05-16T05:03:44Z	1649	page-0293-body.txt
294	https://www.cse.ust.hk/~kwtleung/COMP4321/news/bbc2.htm	BBC news2	2023-05-16T05:03:44Z	2136	page-0294-body.txt
295	https://www.cse.ust.hk/~kwtleung/COMP4321/news/bbc3.htm	BBC news3	2023-05-16T05:03:44Z	3301	page-0295-body.txt
296	https://www.cse.ust.hk/~kwtleung/COMP4321/news/cnn1.htm	CNN news1	2023-05-16T05:03:44Z	4427	page-0296-body.txt
297	https://www.cse.ust.hk/~kwtleung/COMP4321/news/cnn2.htm	CNN news2	2023-05-16T05:03:44Z	6009	page-0297-body.txt
